Nafn,Vinnufyrirkomulag,v,t,h,a1,a,b1,b,c,d1,dg,d,bör,Vaktir,Janúar,Verkefni,BÖR,NM,Námsleyfi,Stjórnun,Fæðing,Leyfi,Veikindi,Febrúar,Verkefni,BÖR,NM,Námsleyfi,Stjórnun,Fæðing,Leyfi,Veikindi,Mars,Verkefni,BÖR,NM,Námsleyfi,Stjórnun,Fæðing,Leyfi,Veikindi,Apríl,Verkefni,BÖR,NM,Námsleyfi,Stjórnun,Fæðing,Leyfi,Veikindi,Maí,Verkefni,BÖR,NM,Námsleyfi,Stjórnun,Fæðing,Leyfi,Veikindi,Júní,Verkefni,BÖR,NM,Námsleyfi,Stjórnun,Fæðing,Leyfi,Veikindi,Júlí,Verkefni,BÖR,NM,Námsleyfi,Stjórnun,Fæðing,Leyfi,Veikindi,Ágúst,Verkefni,BÖR,BN,Námsleyfi,Stjórnun,Fæðing,Leyfi,Veikindi,September,Verkefni,BÖR,NM,Námsleyfi,Stjórnun,Fæðing,Leyfi,Veikindi,Október,Verkefni,BÖR,NM,Námsleyfi,Stjórnun,Fæðing,Leyfi,Veikindi,Nóvember,Verkefni,BÖR,NM,Námsleyfi,Stjórnun,Fæðing,Leyfi,Veikindi,Desember,Verkefni,BÖR,NM,Námsleyfi,Stjórnun,Fæðing,Leyfi,Veikindi,Athugasemdir,,,
h1,80%,0,0,0,1,1,0,1,1,0,0,1,0,MV-KV-NV,80%,0%,0%,0%,0%,0%,0%,0%,0%,80%,0%,0%,0%,0%,0%,0%,0%,0%,80%,0%,0%,0%,0%,0%,0%,0%,0%,80%,0%,0%,0%,0%,0%,0%,0%,0%,80%,0%,0%,0%,0%,0%,0%,0%,0%,80%,0%,0%,0%,0%,0%,0%,0%,0%,80%,0%,0%,0%,0%,0%,0%,0%,0%,80%,0%,0%,0%,0%,0%,0%,0%,0%,80%,0%,0%,0%,0%,0%,0%,0%,0%,80%,0%,0%,0%,0%,0%,0%,0%,0%,80%,0%,0%,0%,0%,0%,0%,0%,0%,80%,0%,0%,0%,0%,0%,0%,0%,0%,,,,
h2,60%,0,0,0,0,1,0,1,1,0,0,0,0,MV-KV-NV,0%,0%,0%,0%,0%,0%,0%,0%,0%,0%,0%,0%,0%,0%,0%,0%,0%,0%,0%,0%,0%,0%,0%,0%,0%,0%,0%,40%,0%,0%,0%,0%,0%,0%,0%,0%,70%,0%,0%,0%,0%,0%,0%,0%,0%,90%,0%,0%,0%,0%,0%,0%,0%,0%,90%,0%,0%,0%,0%,0%,0%,0%,0%,75%,0%,0%,0%,0%,0%,0%,0%,0%,60%,0%,0%,0%,0%,0%,0%,0%,0%,60%,0%,0%,0%,0%,0%,0%,0%,0%,60%,0%,0%,0%,0%,0%,0%,0%,0%,60%,0%,0%,0%,0%,0%,0%,0%,0%,,,,
h3,75%,0,0,0,0,1,0,1,1,0,0,0,0,MV-KV-NV,75%,0%,0%,0%,0%,0%,75%,0%,0%,75%,0%,0%,0%,0%,0%,75%,0%,0%,75%,0%,0%,0%,0%,0%,75%,0%,0%,75%,0%,0%,0%,0%,0%,75%,0%,0%,75%,0%,0%,0%,0%,0%,75%,0%,0%,75%,0%,0%,0%,0%,0%,75%,0%,0%,75%,0%,0%,0%,0%,0%,75%,0%,0%,100%,0%,0%,0%,0%,0%,100%,0%,0%,100%,0%,0%,0%,0%,0%,100%,0%,0%,100%,0%,0%,0%,0%,0%,0%,0%,0%,100%,0%,0%,0%,0%,0%,0%,0%,0%,100%,0%,0%,0%,0%,0%,0%,0%,0%,,,,
h4,100% (hættir 16.01),0,0,0,0,0,0,0,0,0,0,0,0,MV-KV-NV,50%,0%,0%,0%,0%,0%,0%,0%,0%,0%,0%,0%,0%,0%,0%,0%,0%,0%,0%,0%,0%,0%,0%,0%,0%,0%,0%,0%,0%,0%,0%,0%,0%,0%,0%,0%,0%,0%,0%,0%,0%,0%,0%,0%,0%,0%,0%,0%,0%,0%,0%,0%,0%,0%,0%,0%,0%,0%,0%,0%,0%,0%,0%,0%,0%,0%,0%,0%,0%,0%,0%,0%,0%,0%,0%,0%,0%,0%,0%,0%,0%,0%,0%,0%,0%,0%,0%,0%,0%,0%,0%,0%,0%,0%,0%,0%,0%,0%,0%,0%,0%,0%,0%,0%,0%,0%,0%,0%,Hættir til að komast á 12G óljóst hvers vegna,,,
h5,Starfslok 09.09.2026,0,0,0,0,0,0,0,0,0,0,0,0,MV-KV-NV,40%,0%,0%,0%,0%,0%,0%,0%,0%,50%,0%,0%,0%,0%,0%,0%,0%,0%,60%,0%,0%,0%,0%,0%,0%,0%,0%,60%,0%,0%,0%,0%,0%,0%,0%,0%,60%,0%,0%,0%,0%,0%,0%,0%,0%,100%,0%,0%,0%,0%,0%,0%,0%,0%,100%,0%,0%,0%,0%,0%,0%,0%,0%,100%,0%,0%,0%,0%,0%,0%,0%,0%,30%,0%,0%,0%,0%,0%,0%,0%,0%,0%,0%,0%,0%,0%,0%,0%,0%,0%,0%,0%,0%,0%,0%,0%,0%,0%,0%,0%,0%,0%,0%,0%,0%,0%,0%,0%,,,,
h6,70%,0,0,0,0,1,1,1,1,0,0,0,0,MV,70%,0%,0%,0%,0%,0%,0%,0%,0%,70%,0%,0%,0%,0%,0%,0%,0%,0%,70%,0%,0%,0%,0%,0%,0%,0%,0%,70%,0%,0%,0%,0%,0%,0%,0%,0%,70%,0%,0%,0%,0%,0%,0%,0%,0%,70%,0%,0%,0%,0%,0%,0%,0%,0%,70%,0%,0%,0%,0%,0%,0%,0%,0%,70%,0%,0%,0%,0%,0%,0%,0%,0%,70%,0%,0%,0%,0%,0%,0%,0%,0%,70%,0%,0%,0%,0%,0%,0%,0%,0%,70%,0%,0%,0%,0%,0%,0%,0%,0%,70%,0%,0%,0%,0%,0%,0%,0%,0%,,,,
h7,90%,1,1,1,1,1,1,1,1,1,1,1,0,MV-KV-NV,68%,0%,0%,0%,0%,0%,68%,0%,0%,68%,0%,0%,0%,0%,0%,68%,0%,0%,70%,0%,0%,0%,0%,15%,40%,0%,0%,90%,0%,0%,0%,0%,15%,50%,0%,0%,90%,0%,0%,0%,0%,15%,50%,0%,0%,90%,0%,0%,0%,0%,15%,50%,0%,0%,90%,0%,0%,0%,0%,15%,50%,0%,0%,90%,0%,0%,0%,10%,10%,50%,0%,0%,100%,0%,0%,0%,20%,60%,0%,0%,0%,100%,0%,0%,0%,20%,60%,0%,0%,0%,100%,0%,0%,0%,20%,60%,0%,0%,0%,100%,0%,0%,0%,10%,60%,0%,0%,0%,Muna að setja orlof á hana,,,
h8,40%,0,0,0,0,1,0,1,1,0,0,0,0,MV-KV-NV,0%,0%,0%,0%,0%,0%,0%,0%,0%,0%,0%,0%,0%,0%,0%,0%,0%,0%,0%,0%,0%,0%,0%,0%,0%,0%,0%,50%,0%,0%,0%,0%,0%,0%,0%,0%,65%,0%,0%,0%,0%,0%,0%,0%,0%,80%,0%,0%,0%,0%,0%,0%,0%,0%,80%,0%,0%,0%,0%,0%,0%,0%,0%,60%,0%,0%,0%,0%,0%,0%,0%,0%,40%,0%,0%,0%,0%,0%,0%,0%,0%,40%,0%,0%,0%,0%,0%,0%,0%,0%,40%,0%,0%,0%,0%,0%,0%,0%,0%,40%,0%,0%,0%,0%,0%,0%,0%,0%,,,,
h9,90%,1,1,1,1,1,1,1,1,1,0,1,0,MV-KV,90%,0%,0%,0%,0%,0%,0%,0%,0%,90%,0%,0%,0%,0%,0%,0%,0%,0%,90%,0%,0%,0%,0%,0%,0%,0%,0%,90%,0%,0%,0%,0%,0%,0%,0%,0%,90%,0%,0%,0%,0%,0%,0%,0%,0%,90%,0%,0%,0%,0%,0%,0%,0%,0%,90%,0%,0%,0%,0%,0%,0%,0%,0%,90%,0%,0%,0%,0%,0%,0%,0%,0%,90%,0%,0%,0%,0%,0%,0%,0%,0%,90%,0%,0%,0%,0%,0%,0%,0%,0%,90%,0%,0%,0%,0%,0%,0%,0%,0%,90%,0%,0%,0%,0%,0%,0%,0%,0%,,,,
h10,100%,1,1,1,1,1,1,1,1,1,1,1,0,MV-KV-NV,100%,0%,0%,0%,0%,70%,0%,0%,0%,100%,0%,0%,0%,0%,70%,0%,0%,0%,100%,0%,0%,0%,0%,70%,0%,0%,0%,100%,0%,0%,0%,0%,70%,0%,0%,0%,100%,0%,0%,0%,0%,70%,0%,0%,0%,100%,0%,0%,0%,0%,70%,0%,0%,0%,100%,0%,0%,0%,0%,70%,0%,0%,0%,100%,0%,0%,0%,0%,70%,0%,0%,0%,100%,0%,0%,0%,0%,70%,0%,0%,0%,100%,0%,0%,0%,0%,70%,0%,0%,0%,100%,0%,0%,0%,0%,70%,0%,0%,0%,100%,0%,0%,0%,0%,70%,0%,0%,0%,,,,
h11,85%,1,1,1,1,1,1,1,1,1,1,1,0,MV-KV-NV,85%,0%,0%,0%,20%,0%,0%,0%,0%,85%,0%,0%,0%,20%,0%,0%,0%,0%,85%,0%,0%,0%,20%,0%,0%,0%,0%,85%,0%,0%,0%,20%,0%,0%,0%,0%,85%,0%,0%,0%,10%,0%,0%,0%,0%,85%,0%,0%,0%,0%,0%,0%,0%,0%,85%,0%,0%,0%,0%,0%,0%,0%,0%,85%,0%,0%,0%,0%,0%,0%,0%,0%,85%,0%,0%,0%,0%,0%,0%,0%,0%,85%,0%,0%,0%,0%,0%,0%,0%,0%,85%,0%,0%,0%,0%,0%,0%,0%,0%,85%,0%,0%,0%,0%,0%,0%,0%,0%,,,,
h12,93%,0,0,1,1,1,0,1,1,0,0,1,0,MV-KV-NV,93%,0%,0%,0%,0%,0%,0%,0%,0%,93%,0%,0%,0%,0%,0%,0%,0%,0%,93%,0%,0%,0%,0%,0%,0%,0%,60%,93%,0%,0%,0%,0%,0%,0%,0%,93%,93%,0%,0%,0%,0%,0%,0%,0%,15%,93%,0%,0%,0%,0%,0%,0%,0%,0%,93%,0%,0%,0%,0%,0%,0%,0%,0%,93%,0%,0%,0%,0%,0%,0%,0%,0%,93%,0%,0%,0%,0%,0%,0%,0%,0%,93%,0%,0%,0%,0%,0%,0%,0%,0%,93%,0%,0%,0%,0%,0%,0%,0%,0%,93%,0%,0%,0%,0%,0%,0%,0%,0%,,,,
h13,60% NM (40% námsleyfi) Veikindi út 30.09,1,1,1,1,1,1,1,1,1,1,1,0,MV-KV-NV,100%,0%,0%,60%,40%,0%,0%,0%,0%,100%,0%,0%,60%,40%,0%,0%,0%,0%,100%,0%,0%,25%,25%,0%,0%,0%,50%,100%,0%,0%,0%,0%,0%,0%,0%,100%,100%,0%,0%,0%,0%,0%,0%,0%,100%,100%,0%,0%,0%,0%,0%,0%,0%,100%,100%,0%,0%,0%,0%,0%,0%,0%,100%,100%,0%,0%,0%,0%,0%,0%,0%,100%,100%,0%,0%,0%,0%,0%,0%,0%,100%,100%,0%,0%,60%,40%,0%,0%,0%,0%,100%,0%,0%,60%,40%,0%,0%,0%,0%,100%,0%,0%,50%,20%,0%,0%,0%,0%,,,,
h14,80% (80% verkefni) ,0,1,0,0,0,0,0,0,0,0,0,0,MV-KV,100%,100%,0%,0%,0%,0%,0%,0%,0%,100%,100%,0%,0%,0%,0%,0%,0%,0%,100%,100%,0%,0%,0%,0%,0%,0%,0%,100%,100%,0%,0%,0%,0%,0%,0%,0%,100%,100%,0%,0%,0%,0%,0%,0%,0%,80%,80%,0%,0%,0%,0%,0%,0%,0%,80%,80%,0%,0%,0%,0%,0%,0%,0%,80%,80%,0%,0%,0%,0%,0%,0%,0%,80%,80%,0%,0%,0%,0%,0%,0%,0%,80%,80%,0%,0%,0%,0%,0%,0%,0%,80%,80%,0%,0%,0%,0%,0%,0%,0%,80%,80%,0%,0%,0%,0%,0%,0%,0%,,,,
h15,90%,1,1,1,1,1,1,1,1,1,1,1,0,MV-KV-NV,90%,0%,0%,0%,0%,0%,0%,0%,0%,90%,0%,0%,0%,0%,0%,0%,0%,0%,90%,0%,0%,0%,0%,0%,0%,0%,0%,90%,0%,0%,0%,0%,0%,0%,0%,0%,90%,0%,0%,0%,0%,0%,0%,0%,0%,90%,0%,0%,0%,0%,0%,0%,0%,0%,90%,0%,0%,0%,0%,0%,0%,0%,0%,90%,0%,0%,0%,0%,0%,0%,0%,0%,90%,0%,0%,0%,0%,0%,0%,0%,0%,90%,0%,0%,0%,0%,0%,0%,0%,0%,90%,0%,0%,0%,0%,0%,0%,0%,0%,90%,0%,0%,0%,0%,0%,0%,0%,0%,,,,
h16,80% (20% verkefni),1,1,1,1,1,1,1,1,1,1,1,0,MV-KV,80%,20%,0%,0%,0%,0%,0%,0%,0%,80%,20%,0%,0%,0%,0%,0%,0%,0%,80%,20%,0%,0%,0%,0%,0%,0%,0%,80%,20%,0%,0%,0%,0%,0%,0%,0%,80%,20%,0%,0%,0%,0%,0%,0%,0%,80%,0%,0%,0%,0%,0%,0%,0%,0%,80%,0%,0%,0%,0%,0%,0%,0%,0%,80%,10%,0%,0%,0%,0%,0%,0%,0%,80%,20%,0%,0%,0%,0%,0%,0%,0%,80%,20%,0%,0%,0%,0%,0%,0%,0%,80%,20%,0%,0%,0%,0%,0%,0%,0%,80%,10%,0%,0%,0%,0%,0%,0%,0%,Verkefnavinna frá 8-16 alla þriðjudaga,,,
h17,Hættir strax eftir fæðingarorlof,0,0,0,0,0,0,0,0,0,0,0,0,MV-KV-NV,30%,0%,0%,0%,0%,0%,30%,0%,0%,0%,0%,0%,0%,0%,0%,0%,0%,0%,0%,0%,0%,0%,0%,0%,0%,0%,0%,0%,0%,0%,0%,0%,0%,0%,0%,0%,0%,0%,0%,0%,0%,0%,0%,0%,0%,0%,0%,0%,0%,0%,0%,0%,0%,0%,0%,0%,0%,0%,0%,0%,0%,0%,0%,0%,0%,0%,0%,0%,0%,0%,0%,0%,0%,0%,0%,0%,0%,0%,0%,0%,0%,0%,0%,0%,0%,0%,0%,0%,0%,0%,0%,0%,0%,0%,0%,0%,0%,0%,0%,0%,0%,0%,0%,0%,0%,0%,0%,0%,Hættir vegna fjölskylduaðstæðna og fjarlægðar frá vinnu,,,
h18,100%,1,1,1,1,1,1,1,1,1,1,1,0,MV-KV-NV,100%,0%,0%,0%,0%,0%,0%,0%,0%,100%,0%,0%,0%,0%,0%,0%,0%,0%,100%,0%,0%,0%,0%,0%,0%,0%,0%,100%,0%,0%,0%,0%,0%,0%,0%,0%,100%,0%,0%,0%,0%,0%,0%,0%,0%,100%,0%,0%,0%,0%,0%,0%,0%,90%,100%,0%,0%,0%,0%,0%,0%,0%,0%,100%,0%,0%,0%,0%,0%,0%,0%,0%,100%,0%,0%,0%,0%,0%,0%,0%,0%,100%,0%,0%,0%,0%,0%,0%,0%,0%,100%,0%,0%,0%,0%,0%,0%,0%,0%,100%,0%,0%,0%,0%,0%,0%,0%,0%,,,,
h19,80%,1,1,1,1,1,1,1,1,1,1,1,0,MV-KV-NV,80%,0%,0%,0%,0%,0%,0%,0%,0%,80%,0%,0%,0%,0%,0%,0%,0%,0%,80%,0%,0%,0%,0%,0%,0%,0%,0%,80%,0%,0%,0%,0%,0%,0%,0%,0%,80%,0%,0%,0%,0%,0%,0%,0%,0%,80%,0%,0%,0%,0%,0%,0%,0%,0%,80%,0%,0%,0%,0%,0%,0%,0%,0%,80%,0%,0%,0%,0%,0%,0%,0%,0%,80%,0%,0%,0%,0%,0%,0%,0%,0%,80%,0%,0%,0%,0%,0%,0%,0%,0%,80%,0%,0%,0%,0%,0%,0%,0%,0%,80%,0%,0%,0%,0%,0%,0%,0%,0%,,,,
h20,100% (50%NV),0,1,0,0,1,0,1,1,0,0,1,0,MV-KV-NV,100%,0%,0%,0%,0%,0%,0%,0%,0%,100%,0%,0%,0%,0%,0%,0%,0%,0%,100%,0%,0%,0%,0%,0%,0%,0%,0%,100%,0%,0%,0%,0%,0%,0%,0%,0%,100%,0%,0%,0%,0%,0%,0%,0%,0%,100%,0%,0%,0%,0%,0%,0%,0%,0%,100%,0%,0%,0%,0%,0%,0%,0%,0%,100%,0%,0%,0%,0%,0%,0%,0%,0%,100%,0%,0%,0%,0%,0%,0%,0%,0%,100%,0%,0%,0%,0%,0%,0%,0%,0%,100%,0%,0%,0%,0%,0%,0%,0%,0%,100%,0%,0%,0%,0%,0%,0%,0%,0%,,,,
h21,100% (100% stjórnun),1,1,1,1,1,1,1,1,1,1,1,0,MV-KV-NV,0%,0%,0%,0%,0%,0%,0%,0%,0%,0%,0%,0%,0%,0%,0%,0%,0%,0%,0%,0%,0%,0%,0%,0%,0%,0%,0%,0%,0%,0%,0%,0%,0%,0%,0%,0%,0%,0%,0%,0%,0%,0%,0%,0%,0%,0%,0%,0%,0%,0%,0%,0%,0%,0%,0%,0%,0%,0%,0%,0%,0%,0%,0%,0%,0%,0%,0%,0%,0%,0%,0%,0%,0%,0%,0%,0%,0%,0%,0%,0%,0%,0%,0%,0%,0%,0%,0%,0%,0%,0%,0%,0%,0%,0%,0%,0%,0%,0%,0%,0%,0%,0%,0%,0%,0%,0%,0%,0%,,,,
h22,30%,0,0,0,0,1,0,1,1,0,0,0,0,MV-KV,0%,0%,0%,0%,0%,0%,0%,0%,0%,0%,0%,0%,0%,0%,0%,0%,0%,0%,15%,0%,0%,0%,0%,0%,0%,0%,0%,30%,0%,0%,0%,0%,0%,0%,0%,0%,60%,0%,0%,0%,0%,0%,0%,0%,0%,90%,0%,0%,0%,0%,0%,0%,0%,0%,90%,0%,0%,0%,0%,0%,0%,0%,0%,60%,0%,0%,0%,0%,0%,0%,0%,0%,30%,0%,0%,0%,0%,0%,0%,0%,0%,30%,0%,0%,0%,0%,0%,0%,0%,0%,30%,0%,0%,0%,0%,0%,0%,0%,0%,30%,0%,0%,0%,0%,0%,0%,0%,0%,,,,
h23,100% (Ólétt er sett 08.02.26),0,0,0,0,1,0,1,1,0,0,1,0,MV-KV-NV,100%,0%,0%,0%,0%,0%,0%,0%,0%,100%,0%,0%,0%,0%,0%,0%,0%,0%,100%,0%,0%,0%,0%,0%,0%,0%,0%,100%,0%,0%,0%,0%,0%,0%,0%,0%,0%,0%,0%,0%,0%,0%,0%,0%,0%,100%,0%,0%,0%,0%,0%,0%,0%,0%,100%,0%,0%,0%,0%,0%,0%,0%,0%,100%,0%,0%,0%,0%,0%,0%,0%,0%,100%,0%,0%,0%,0%,0%,0%,0%,0%,100%,0%,0%,0%,0%,0%,0%,0%,0%,100%,0%,0%,0%,0%,0%,50%,0%,0%,100%,0%,0%,0%,0%,0%,100%,0%,0%,,,,
h24,70%,0,1,1,1,1,1,1,1,0,0,1,0,MV-KV-NV,70%,0%,0%,0%,0%,0%,0%,0%,0%,70%,0%,0%,0%,0%,0%,0%,0%,0%,70%,0%,0%,0%,0%,0%,0%,0%,0%,70%,0%,0%,0%,0%,0%,0%,0%,0%,70%,0%,0%,0%,0%,0%,0%,0%,0%,70%,0%,0%,0%,0%,0%,0%,0%,0%,70%,0%,0%,0%,0%,0%,0%,0%,0%,70%,0%,0%,0%,0%,0%,0%,0%,0%,70%,0%,0%,0%,0%,0%,0%,0%,0%,70%,0%,0%,0%,0%,0%,0%,0%,0%,70%,0%,0%,0%,0%,0%,0%,0%,0%,70%,0%,0%,0%,0%,0%,0%,0%,0%,,,,
h25,90% (50%NV) orlof þangað til hún hefur samband,1,1,1,1,1,1,1,1,0,1,1,0,MV-KV-NV,55%,0%,0%,0%,0%,0%,55%,0%,0%,80%,0%,0%,0%,0%,0%,80%,0%,0%,90%,0%,0%,0%,0%,0%,20%,0%,0%,90%,0%,0%,0%,0%,0%,0%,0%,0%,90%,0%,0%,0%,0%,0%,0%,0%,0%,90%,0%,0%,0%,0%,0%,0%,0%,0%,90%,0%,0%,0%,0%,0%,0%,0%,0%,90%,0%,0%,0%,0%,0%,90%,0%,0%,90%,0%,0%,0%,0%,0%,90%,0%,0%,90%,0%,0%,0%,0%,0%,0%,0%,0%,90%,0%,0%,0%,0%,0%,0%,0%,0%,90%,0%,0%,0%,0%,0%,0%,0%,0%,,,,
h26,80%,0,1,1,0,0,1,0,0,1,1,1,0,KV,80%,0%,0%,0%,0%,0%,0%,0%,0%,97%,0%,0%,0%,0%,0%,0%,0%,0%,97%,0%,0%,0%,0%,0%,0%,0%,0%,80%,0%,0%,0%,0%,0%,0%,0%,0%,80%,0%,0%,0%,0%,0%,0%,0%,0%,80%,0%,0%,0%,0%,0%,0%,0%,0%,80%,0%,0%,0%,0%,0%,0%,0%,0%,80%,0%,0%,0%,0%,0%,0%,0%,0%,80%,0%,0%,0%,0%,0%,0%,0%,0%,80%,0%,0%,0%,0%,0%,0%,0%,0%,80%,0%,0%,0%,0%,0%,0%,0%,0%,80%,0%,0%,0%,0%,0%,0%,0%,0%,,,,
h27,80%,0,0,0,0,1,0,1,1,0,0,1,0,MV-KV,30%,0%,0%,0%,0%,0%,0%,0%,0%,30%,0%,0%,0%,0%,0%,0%,0%,0%,30%,0%,0%,0%,0%,0%,0%,0%,0%,30%,0%,0%,0%,0%,0%,0%,0%,0%,30%,0%,0%,0%,0%,0%,0%,0%,30%,80%,0%,0%,0%,0%,0%,0%,0%,80%,80%,0%,0%,0%,0%,0%,0%,0%,0%,80%,0%,0%,0%,0%,0%,0%,0%,0%,80%,0%,0%,0%,0%,0%,0%,0%,0%,80%,0%,0%,0%,0%,0%,0%,0%,0%,80%,0%,0%,0%,0%,0%,0%,0%,0%,80%,0%,0%,0%,0%,0%,0%,0%,0%,,,,
h28,80%,0,0,0,1,1,0,1,1,0,1,1,0,MV-KV-NV,100%,0%,0%,0%,0%,0%,0%,0%,70%,100%,0%,0%,0%,0%,0%,0%,0%,40%,80%,0%,0%,0%,0%,0%,0%,0%,0%,80%,0%,0%,0%,0%,0%,0%,0%,0%,80%,0%,0%,0%,0%,0%,0%,0%,0%,80%,0%,0%,0%,0%,0%,0%,0%,0%,80%,0%,0%,0%,0%,0%,0%,0%,0%,80%,0%,0%,0%,0%,0%,0%,0%,0%,80%,0%,0%,0%,0%,0%,0%,0%,0%,80%,0%,0%,0%,0%,0%,0%,0%,0%,80%,0%,0%,0%,0%,0%,0%,0%,0%,100%,0%,0%,0%,0%,0%,0%,0%,0%,,,,
h29,25%,0,0,0,0,1,0,1,1,0,1,1,0,MV-KV-NV,25%,0%,0%,0%,0%,0%,25%,0%,0%,25%,0%,0%,0%,0%,0%,13%,0%,0%,25%,0%,0%,0%,0%,0%,0%,0%,0%,25%,0%,0%,0%,0%,0%,0%,0%,0%,25%,0%,0%,0%,0%,0%,0%,0%,0%,25%,0%,0%,0%,0%,0%,0%,0%,0%,25%,0%,0%,0%,0%,0%,0%,0%,0%,25%,0%,0%,0%,0%,0%,0%,0%,0%,25%,0%,0%,0%,0%,0%,0%,0%,0%,25%,0%,0%,0%,0%,0%,0%,0%,0%,25%,0%,0%,0%,0%,0%,0%,0%,0%,25%,0%,0%,0%,0%,0%,0%,0%,0%,,,,
h30,100% (50%NV),0,0,0,0,1,0,1,1,0,0,1,0,MV-KV-NV,100%,0%,0%,0%,0%,0%,0%,0%,0%,100%,0%,0%,0%,0%,0%,0%,0%,0%,100%,0%,0%,0%,0%,0%,0%,0%,0%,100%,0%,0%,0%,0%,0%,0%,0%,0%,100%,0%,0%,0%,0%,0%,0%,0%,0%,100%,0%,0%,0%,0%,0%,0%,0%,0%,100%,0%,0%,0%,0%,0%,0%,0%,0%,100%,0%,0%,0%,0%,0%,0%,0%,0%,100%,0%,0%,0%,0%,0%,0%,0%,0%,100%,0%,0%,0%,0%,0%,0%,0%,0%,100%,0%,0%,0%,0%,0%,0%,0%,0%,100%,0%,0%,0%,0%,0%,0%,0%,0%,,,,
h31,100%,0,0,0,1,1,0,1,1,0,1,1,0,MV-KV,100%,0%,0%,0%,0%,0%,0%,0%,0%,100%,0%,0%,0%,0%,0%,0%,0%,0%,100%,0%,0%,0%,0%,0%,0%,0%,0%,100%,0%,0%,0%,0%,0%,0%,0%,0%,100%,0%,0%,0%,0%,0%,0%,0%,0%,100%,0%,0%,0%,0%,0%,0%,0%,0%,100%,0%,0%,0%,0%,0%,0%,0%,0%,100%,0%,0%,0%,0%,0%,0%,0%,0%,100%,0%,0%,0%,0%,0%,0%,0%,0%,100%,0%,0%,0%,0%,0%,0%,0%,0%,100%,0%,0%,0%,0%,0%,0%,0%,0%,100%,0%,0%,0%,0%,0%,0%,0%,0%,,,,
h32,100%,0,0,1,1,1,0,1,1,0,1,1,0,MV-KV-NV,100%,0%,0%,0%,0%,0%,0%,0%,0%,100%,0%,0%,0%,0%,0%,0%,0%,0%,100%,0%,0%,0%,0%,0%,0%,0%,0%,100%,0%,0%,0%,0%,0%,0%,0%,0%,100%,0%,0%,0%,0%,0%,0%,0%,0%,100%,0%,0%,0%,0%,0%,0%,0%,0%,100%,0%,0%,0%,0%,0%,0%,0%,0%,100%,0%,0%,0%,0%,0%,0%,0%,0%,100%,0%,0%,0%,0%,0%,0%,0%,0%,100%,0%,0%,0%,0%,0%,0%,0%,0%,100%,0%,0%,0%,0%,0%,0%,0%,0%,100%,0%,0%,0%,0%,0%,0%,0%,0%,,,,
h33,60%,0,1,0,0,0,0,0,0,1,1,1,0,KV,60%,0%,0%,0%,0%,0%,0%,0%,0%,60%,0%,0%,0%,0%,0%,0%,0%,0%,60%,0%,0%,0%,0%,0%,0%,0%,0%,60%,0%,0%,0%,0%,0%,0%,0%,0%,60%,0%,0%,0%,0%,0%,0%,0%,0%,60%,0%,0%,0%,0%,0%,0%,0%,0%,60%,0%,0%,0%,0%,0%,0%,0%,0%,60%,0%,0%,0%,0%,0%,0%,0%,0%,60%,0%,0%,0%,0%,0%,0%,0%,0%,60%,0%,0%,0%,0%,0%,0%,0%,0%,60%,0%,0%,0%,0%,0%,0%,0%,0%,60%,0%,0%,0%,0%,0%,0%,0%,0%,,,,
h34,60%,0,0,0,0,1,0,1,1,0,0,1,0,MV-KV-NV,50%,0%,0%,0%,0%,0%,0%,0%,0%,55%,0%,0%,0%,0%,0%,0%,0%,0%,60%,0%,0%,0%,0%,0%,0%,0%,0%,60%,0%,0%,0%,0%,0%,0%,0%,0%,60%,0%,0%,0%,0%,0%,0%,0%,0%,60%,0%,0%,0%,0%,0%,0%,0%,0%,60%,0%,0%,0%,0%,0%,0%,0%,0%,60%,0%,0%,0%,0%,0%,0%,0%,0%,60%,0%,0%,0%,0%,0%,0%,0%,0%,60%,0%,0%,0%,0%,0%,0%,0%,0%,60%,0%,0%,0%,0%,0%,0%,0%,0%,60%,0%,0%,0%,0%,0%,0%,0%,0%,,,,
h35,"49,9% (hættir 15.02.26)",0,0,0,0,0,0,0,0,0,0,0,0,MV-KV,50%,0%,0%,0%,0%,0%,0%,0%,0%,25%,0%,0%,0%,0%,0%,0%,0%,0%,0%,0%,0%,0%,0%,0%,0%,0%,0%,0%,0%,0%,0%,0%,0%,0%,0%,0%,0%,0%,0%,0%,0%,0%,0%,0%,0%,0%,0%,0%,0%,0%,0%,0%,0%,0%,0%,0%,0%,0%,0%,0%,0%,0%,0%,0%,0%,0%,0%,0%,0%,0%,0%,0%,0%,0%,0%,0%,0%,0%,0%,0%,0%,0%,0%,0%,0%,0%,0%,0%,0%,0%,0%,0%,0%,0%,0%,0%,0%,0%,0%,0%,0%,0%,0%,0%,0%,0%,0%,0%,Hættir vegna adlurs,,,
h36,100% (70% stjórnun),1,1,1,1,1,1,1,1,1,0,1,0,MV-KV-NV,100%,0%,0%,0%,0%,70%,0%,0%,0%,100%,0%,0%,0%,0%,70%,0%,0%,0%,100%,0%,0%,0%,0%,70%,0%,0%,0%,100%,0%,0%,0%,0%,70%,0%,0%,0%,100%,0%,0%,0%,0%,70%,0%,0%,0%,100%,0%,0%,0%,0%,70%,0%,0%,0%,100%,0%,0%,0%,0%,70%,0%,0%,0%,100%,0%,0%,0%,0%,70%,0%,0%,0%,100%,0%,0%,0%,0%,70%,0%,0%,0%,100%,0%,0%,0%,0%,70%,0%,0%,0%,100%,0%,0%,0%,0%,70%,0%,0%,0%,100%,0%,0%,0%,0%,70%,0%,0%,0%,,,,
h37,80% (50%NV)  ,1,1,1,1,1,1,1,1,1,1,1,0,MV-KV-NV,60%,0%,0%,0%,0%,0%,0%,0%,0%,80%,0%,0%,0%,0%,0%,0%,0%,0%,80%,0%,0%,0%,0%,0%,0%,0%,0%,80%,0%,0%,0%,0%,0%,0%,0%,0%,80%,0%,0%,0%,0%,0%,0%,0%,0%,80%,0%,0%,0%,0%,0%,0%,0%,0%,80%,0%,0%,0%,0%,0%,0%,0%,0%,80%,0%,0%,0%,0%,0%,0%,0%,0%,80%,0%,0%,0%,0%,0%,0%,0%,0%,80%,0%,0%,0%,0%,0%,0%,0%,0%,80%,0%,0%,0%,0%,0%,0%,0%,0%,80%,0%,0%,0%,0%,0%,0%,0%,0%,Athuga með fastar helgar,,,
h38,71% (Fæðingarorlof út janúar 2027),0,0,0,0,1,0,1,1,0,1,1,0,MV-KV-NV,71%,0%,0%,0%,0%,0%,71%,0%,0%,71%,0%,0%,0%,0%,0%,71%,0%,0%,71%,0%,0%,0%,0%,0%,71%,0%,0%,71%,0%,0%,0%,0%,0%,71%,0%,0%,71%,0%,0%,0%,0%,0%,71%,0%,0%,71%,0%,0%,0%,0%,0%,71%,0%,0%,71%,0%,0%,0%,0%,0%,71%,0%,0%,71%,0%,0%,0%,0%,0%,71%,0%,0%,71%,0%,0%,0%,0%,0%,71%,0%,0%,71%,0%,0%,0%,0%,0%,71%,0%,0%,71%,0%,0%,0%,0%,0%,71%,0%,0%,71%,0%,0%,0%,0%,0%,71%,0%,0%,"Óskar eftir verkefnavinnu við gæðaskjöl, kemur að hluta úr fæðingarorlofi í feb 27",,,
h39,100% (60%NV),0,1,1,1,1,1,1,1,0,0,1,0,MV-KV-NV,95%,0%,0%,0%,0%,0%,0%,0%,0%,100%,0%,0%,0%,0%,0%,0%,0%,0%,100%,0%,0%,0%,0%,0%,0%,0%,0%,100%,0%,0%,0%,0%,0%,0%,0%,0%,100%,0%,0%,0%,0%,0%,0%,0%,0%,100%,0%,0%,0%,0%,0%,0%,0%,0%,100%,0%,0%,0%,0%,0%,0%,0%,0%,100%,0%,0%,0%,0%,0%,0%,0%,0%,100%,0%,0%,0%,0%,0%,0%,0%,0%,100%,0%,0%,0%,0%,0%,0%,0%,0%,100%,0%,0%,0%,0%,0%,0%,0%,0%,100%,0%,0%,0%,0%,0%,0%,0%,0%,,,,
h40,Hættir 16.01.2026,0,0,0,0,0,0,0,0,0,0,0,0,MV-KV,35%,0%,0%,0%,0%,0%,0%,0%,0%,0%,0%,0%,0%,0%,0%,0%,0%,0%,0%,0%,0%,0%,0%,0%,0%,0%,0%,0%,0%,0%,0%,0%,0%,0%,0%,0%,0%,0%,0%,0%,0%,0%,0%,0%,0%,0%,0%,0%,0%,0%,0%,0%,0%,0%,0%,0%,0%,0%,0%,0%,0%,0%,0%,0%,0%,0%,0%,0%,0%,0%,0%,0%,0%,0%,0%,0%,0%,0%,0%,0%,0%,0%,0%,0%,0%,0%,0%,0%,0%,0%,0%,0%,0%,0%,0%,0%,0%,0%,0%,0%,0%,0%,0%,0%,0%,0%,0%,0%,Hættir vegna álags,,,
h41,80%,0,0,1,1,1,1,1,1,0,0,1,0,MV-KV,80%,15%,0%,0%,0%,0%,0%,0%,0%,80%,15%,0%,0%,0%,0%,0%,0%,0%,80%,15%,0%,0%,0%,0%,0%,0%,0%,80%,15%,0%,0%,0%,0%,0%,0%,0%,80%,15%,0%,0%,0%,0%,0%,0%,0%,80%,0%,0%,0%,0%,0%,0%,0%,0%,80%,0%,0%,0%,0%,0%,0%,80%,0%,80%,0%,0%,0%,0%,0%,0%,80%,0%,80%,15%,0%,0%,0%,0%,0%,0%,0%,80%,15%,0%,0%,0%,0%,0%,0%,0%,80%,15%,0%,0%,0%,0%,0%,0%,0%,80%,15%,0%,0%,0%,0%,0%,0%,0%,,,,
h42,100% sérfræðingur í hjúkrun,1,1,1,1,1,1,1,1,1,1,1,0,MV,0%,0%,0%,0%,0%,0%,0%,0%,0%,0%,0%,0%,0%,0%,0%,0%,0%,0%,0%,0%,0%,0%,0%,0%,0%,0%,0%,0%,0%,0%,0%,0%,0%,0%,0%,0%,0%,0%,0%,0%,0%,0%,0%,0%,0%,0%,0%,0%,0%,0%,0%,0%,0%,0%,0%,0%,0%,0%,0%,0%,0%,0%,0%,0%,0%,0%,0%,0%,0%,0%,0%,0%,0%,0%,0%,0%,0%,0%,0%,0%,0%,0%,0%,0%,0%,0%,0%,0%,0%,0%,0%,0%,0%,0%,0%,0%,0%,0%,0%,0%,0%,0%,0%,0%,0%,0%,0%,0%,,,,
h43,50% (20% starfshæfni frá 20.08 endurmat 30.10),0,1,1,1,1,1,1,1,1,1,1,0,MV-KV,50%,0%,0%,0%,0%,0%,0%,0%,0%,50%,0%,0%,0%,0%,0%,0%,0%,0%,50%,0%,0%,0%,0%,0%,0%,0%,20%,50%,0%,0%,0%,0%,0%,0%,0%,25%,50%,0%,0%,0%,0%,0%,0%,0%,50%,50%,0%,0%,0%,0%,0%,0%,0%,50%,50%,0%,0%,0%,0%,0%,0%,0%,50%,50%,0%,0%,0%,0%,0%,0%,0%,50%,50%,0%,0%,0%,0%,0%,0%,0%,50%,0%,0%,0%,0%,0%,0%,0%,0%,0%,0%,0%,0%,0%,0%,0%,0%,0%,0%,0%,0%,0%,0%,0%,0%,0%,0%,0%,,,,
h44,80% (50% starfshæfni frá lok orlofs),0,0,0,0,1,0,1,1,0,0,1,0,MV-KV-NV,80%,0%,0%,0%,0%,0%,0%,0%,0%,80%,0%,0%,0%,0%,0%,0%,0%,0%,80%,0%,0%,0%,0%,0%,0%,0%,0%,80%,0%,0%,0%,0%,0%,0%,0%,0%,80%,0%,0%,0%,0%,0%,0%,0%,80%,80%,0%,0%,0%,0%,0%,0%,0%,80%,80%,0%,0%,0%,0%,0%,0%,0%,80%,80%,0%,0%,0%,0%,0%,0%,0%,50%,80%,0%,0%,0%,0%,0%,0%,0%,30%,80%,0%,0%,0%,0%,0%,0%,0%,30%,80%,0%,0%,0%,0%,0%,0%,0%,0%,80%,0%,0%,0%,0%,0%,0%,0%,0%,,,,
h45,100% (70% stjórnun),1,1,1,1,1,1,1,1,1,1,1,0,MV-KV-NV,100%,0%,0%,0%,0%,70%,0%,0%,0%,100%,0%,0%,0%,0%,70%,0%,0%,0%,100%,0%,0%,0%,0%,70%,0%,0%,0%,100%,0%,0%,0%,0%,70%,0%,0%,0%,100%,0%,0%,0%,0%,70%,0%,0%,0%,100%,0%,0%,0%,0%,70%,0%,0%,0%,100%,0%,0%,0%,0%,70%,0%,0%,0%,100%,0%,0%,0%,10%,60%,0%,0%,0%,100%,0%,0%,0%,20%,50%,0%,0%,0%,100%,0%,0%,0%,20%,50%,0%,0%,0%,100%,0%,0%,0%,20%,50%,0%,0%,0%,100%,0%,0%,0%,10%,60%,0%,0%,0%,,,,
h46,80% (Fæðingarorlof 16.10.26-15.08.27),0,0,0,0,1,0,1,1,0,1,1,0,MV-KV-NV,80%,0%,0%,0%,0%,0%,0%,0%,0%,80%,0%,0%,0%,0%,0%,0%,0%,0%,80%,0%,0%,0%,0%,0%,0%,0%,0%,80%,0%,0%,0%,0%,0%,0%,0%,0%,80%,0%,0%,0%,0%,0%,0%,0%,30%,80%,0%,0%,0%,0%,0%,0%,0%,20%,80%,0%,0%,0%,0%,0%,0%,0%,20%,80%,0%,0%,0%,0%,0%,40%,0%,0%,80%,0%,0%,0%,0%,0%,80%,0%,0%,80%,0%,0%,0%,0%,0%,80%,0%,0%,80%,0%,0%,0%,0%,0%,80%,0%,0%,80%,0%,0%,0%,0%,0%,80%,0%,0%,,,,
h47,60%,1,1,1,1,1,1,1,1,1,1,1,0,MV-KV,60%,0%,0%,0%,0%,0%,0%,0%,60%,60%,0%,0%,0%,0%,0%,0%,0%,0%,60%,0%,0%,0%,0%,0%,0%,0%,0%,60%,0%,0%,0%,0%,0%,0%,0%,0%,60%,0%,0%,0%,0%,0%,0%,0%,0%,60%,0%,0%,0%,0%,0%,0%,0%,0%,60%,0%,0%,0%,0%,0%,0%,0%,0%,60%,0%,0%,0%,0%,0%,0%,0%,0%,60%,0%,0%,0%,0%,0%,0%,0%,0%,60%,0%,0%,0%,0%,0%,0%,0%,0%,60%,0%,0%,0%,0%,0%,0%,0%,0%,60%,0%,0%,0%,0%,0%,0%,0%,0%,,,,
h48,70%,1,1,1,1,1,1,1,1,1,1,1,0,MV-KV,80%,0%,0%,0%,0%,0%,0%,0%,0%,80%,0%,0%,0%,0%,0%,0%,0%,0%,80%,0%,0%,0%,0%,0%,0%,0%,0%,80%,0%,0%,0%,0%,0%,0%,0%,0%,70%,0%,0%,0%,0%,0%,0%,0%,0%,70%,0%,0%,0%,0%,0%,0%,0%,0%,70%,0%,0%,0%,0%,0%,0%,0%,0%,70%,0%,0%,0%,0%,0%,0%,0%,0%,70%,0%,0%,0%,0%,0%,0%,0%,0%,70%,0%,0%,0%,0%,0%,0%,0%,0%,70%,0%,0%,0%,0%,0%,0%,0%,0%,70%,0%,0%,0%,0%,0%,0%,0%,0%,,,,
h49,100%,1,1,1,1,1,1,1,1,1,1,1,0,MV-KV-NV,100%,0%,0%,0%,0%,0%,0%,0%,0%,100%,0%,0%,0%,0%,0%,0%,0%,0%,100%,0%,0%,0%,0%,0%,0%,0%,0%,100%,0%,0%,0%,0%,0%,0%,0%,0%,100%,0%,0%,0%,0%,0%,0%,0%,0%,100%,0%,0%,0%,0%,0%,0%,0%,0%,100%,0%,0%,0%,0%,0%,0%,0%,0%,100%,0%,0%,0%,0%,0%,0%,0%,0%,100%,0%,0%,0%,0%,0%,0%,0%,0%,100%,0%,0%,0%,0%,0%,0%,0%,0%,100%,0%,0%,0%,0%,0%,0%,0%,0%,100%,0%,0%,0%,0%,0%,0%,0%,0%,,,,
h50,Starfslok 18.09.2026,0,0,0,0,0,0,0,0,0,0,0,0,MV-KV-NV,90%,0%,0%,0%,0%,0%,0%,0%,60%,90%,0%,0%,0%,0%,0%,0%,0%,90%,90%,0%,0%,0%,0%,0%,0%,0%,90%,90%,0%,0%,0%,0%,0%,0%,0%,75%,90%,0%,0%,0%,0%,0%,0%,0%,40%,90%,0%,0%,0%,0%,0%,0%,0%,40%,90%,0%,0%,0%,0%,0%,0%,0%,20%,90%,0%,0%,0%,0%,0%,0%,0%,0%,0%,0%,0%,0%,0%,0%,0%,0%,0%,0%,0%,0%,0%,0%,0%,0%,0%,0%,0%,0%,0%,0%,0%,0%,0%,0%,0%,0%,0%,0%,0%,0%,0%,0%,0%,0%,,,,
h51,90%,0,0,0,0,1,0,1,1,0,0,1,0,MV-KV-NV,90%,0%,0%,0%,0%,0%,0%,0%,90%,90%,0%,0%,0%,0%,0%,0%,0%,90%,90%,0%,0%,0%,0%,0%,0%,0%,70%,90%,0%,0%,0%,0%,0%,0%,0%,0%,90%,0%,0%,0%,0%,0%,0%,0%,0%,90%,0%,0%,0%,0%,0%,0%,0%,0%,90%,0%,0%,0%,0%,0%,0%,0%,30%,90%,0%,0%,0%,0%,0%,0%,0%,0%,90%,0%,0%,0%,0%,0%,0%,0%,0%,90%,0%,0%,0%,0%,0%,0%,0%,0%,90%,0%,0%,0%,0%,0%,0%,0%,0%,90%,0%,0%,0%,0%,0%,0%,0%,0%,,,,
h52,80%,0,0,0,0,1,0,1,1,0,0,1,0,MV-KV-NV,30%,0%,0%,0%,0%,0%,0%,0%,0%,30%,0%,0%,0%,0%,0%,0%,0%,0%,30%,0%,0%,0%,0%,0%,0%,0%,0%,30%,0%,0%,0%,0%,0%,0%,0%,0%,80%,0%,0%,0%,0%,0%,0%,0%,0%,80%,0%,0%,0%,0%,0%,0%,0%,0%,80%,0%,0%,0%,0%,0%,0%,0%,0%,80%,0%,0%,0%,0%,0%,0%,0%,0%,80%,0%,0%,0%,0%,0%,0%,0%,0%,80%,0%,0%,0%,0%,0%,0%,0%,0%,80%,0%,0%,0%,0%,0%,0%,0%,0%,80%,0%,0%,0%,0%,0%,0%,0%,0%,,,,
h53,30%,0,0,0,0,1,0,1,1,0,0,0,0,MV-KV-NV,0%,0%,0%,0%,0%,0%,0%,0%,0%,0%,0%,0%,0%,0%,0%,0%,0%,0%,10%,0%,0%,0%,0%,0%,0%,0%,0%,40%,0%,0%,0%,0%,0%,0%,0%,0%,60%,0%,0%,0%,0%,0%,0%,0%,0%,80%,0%,0%,0%,0%,0%,0%,0%,0%,80%,0%,0%,0%,0%,0%,0%,0%,0%,55%,0%,0%,0%,0%,0%,0%,0%,0%,30%,0%,0%,0%,0%,0%,0%,0%,0%,30%,0%,0%,0%,0%,0%,0%,0%,0%,30%,0%,0%,0%,0%,0%,0%,0%,0%,30%,0%,0%,0%,0%,0%,0%,0%,0%,,,,
h54,30%,0,0,0,0,1,0,1,1,0,0,0,0,MV-KV-NV,0%,0%,0%,0%,0%,0%,0%,0%,0%,0%,0%,0%,0%,0%,0%,0%,0%,0%,15%,0%,0%,0%,0%,0%,0%,0%,0%,30%,0%,0%,0%,0%,0%,0%,0%,0%,45%,0%,0%,0%,0%,0%,0%,0%,0%,80%,0%,0%,0%,0%,0%,0%,0%,0%,80%,0%,0%,0%,0%,0%,0%,0%,0%,55%,0%,0%,0%,0%,0%,0%,0%,0%,30%,0%,0%,0%,0%,0%,0%,0%,0%,30%,0%,0%,0%,0%,0%,0%,0%,0%,30%,0%,0%,0%,0%,0%,0%,0%,0%,30%,0%,0%,0%,0%,0%,0%,0%,0%,,,,
h55,80% ( MRI 17.09 endurmat eftir það),0,0,0,0,1,0,1,1,0,0,0,0,MV-KV,80%,0%,0%,0%,0%,0%,0%,0%,0%,80%,0%,0%,0%,0%,0%,0%,0%,0%,80%,0%,0%,0%,0%,0%,0%,0%,0%,80%,0%,0%,0%,0%,0%,0%,0%,0%,80%,0%,0%,0%,0%,0%,0%,0%,0%,80%,0%,0%,0%,0%,0%,0%,0%,40%,80%,0%,0%,0%,0%,0%,0%,0%,80%,80%,0%,0%,0%,0%,0%,0%,0%,80%,80%,0%,0%,0%,0%,0%,0%,0%,80%,80%,0%,0%,0%,0%,0%,0%,0%,0%,80%,0%,0%,0%,0%,0%,0%,0%,0%,80%,0%,0%,0%,0%,0%,0%,0%,0%,,,,
h56,100% (50%NV),1,1,1,1,1,1,1,1,0,1,1,0,MV-KV-NV,0%,0%,0%,0%,0%,0%,0%,0%,0%,0%,0%,0%,0%,0%,0%,0%,0%,0%,100%,0%,0%,0%,0%,0%,0%,0%,0%,100%,0%,0%,0%,0%,0%,0%,0%,0%,100%,0%,0%,0%,0%,0%,0%,0%,0%,100%,0%,0%,0%,0%,0%,0%,0%,0%,100%,0%,0%,0%,0%,0%,0%,0%,0%,100%,0%,0%,0%,0%,0%,0%,0%,0%,100%,0%,0%,0%,0%,0%,0%,0%,0%,100%,0%,0%,0%,0%,0%,0%,0%,0%,100%,0%,0%,0%,0%,0%,0%,0%,0%,100%,0%,0%,0%,0%,0%,0%,0%,0%,,,,
h57,20% Vottorð til 3. júlí ,0,0,0,1,1,0,1,1,0,0,0,0,MV-KV-NV,20%,0%,0%,0%,0%,0%,0%,0%,0%,20%,0%,0%,0%,0%,0%,0%,0%,0%,20%,0%,0%,0%,0%,0%,0%,0%,0%,20%,0%,0%,0%,0%,0%,0%,0%,0%,20%,0%,0%,0%,0%,0%,0%,0%,0%,20%,0%,0%,0%,0%,0%,0%,0%,20%,20%,0%,0%,0%,0%,0%,0%,0%,20%,20%,0%,0%,0%,0%,0%,0%,0%,10%,20%,0%,0%,0%,0%,0%,0%,0%,5%,20%,0%,0%,0%,0%,0%,0%,0%,0%,20%,0%,0%,0%,0%,0%,0%,0%,0%,20%,0%,0%,0%,0%,0%,0%,0%,0%,,,,
h58,0%,0,0,0,0,0,0,0,0,0,0,0,0,MV-KV-NV,67%,0%,0%,0%,0%,0%,67%,0%,0%,67%,0%,0%,0%,0%,0%,67%,0%,0%,67%,0%,0%,0%,0%,0%,67%,0%,0%,67%,0%,0%,0%,0%,0%,67%,0%,0%,75%,0%,0%,0%,0%,0%,67%,0%,0%,67%,0%,0%,0%,0%,0%,67%,0%,0%,67%,0%,0%,0%,0%,0%,67%,0%,0%,80%,0%,0%,0%,0%,0%,80%,0%,0%,0%,0%,0%,0%,0%,0%,0%,0%,0%,0%,0%,0%,0%,0%,0%,0%,0%,0%,0%,0%,0%,0%,0%,0%,0%,0%,0%,0%,0%,0%,0%,0%,0%,0%,0%,0%,,,,
h59,40%,0,0,0,0,1,0,1,1,0,1,1,0,MV-KV-NV,40%,0%,0%,0%,0%,0%,0%,0%,0%,40%,0%,0%,0%,0%,0%,0%,0%,0%,40%,0%,0%,0%,0%,0%,0%,0%,0%,40%,0%,0%,0%,0%,0%,0%,0%,0%,40%,0%,0%,0%,0%,0%,0%,0%,0%,40%,0%,0%,0%,0%,0%,0%,0%,0%,40%,0%,0%,0%,0%,0%,0%,0%,0%,40%,0%,0%,0%,0%,0%,0%,0%,0%,40%,0%,0%,0%,0%,0%,0%,0%,0%,40%,0%,0%,0%,0%,0%,0%,0%,0%,40%,0%,0%,0%,0%,0%,0%,0%,0%,40%,0%,0%,0%,0%,0%,0%,0%,0%,,,,
h60,40% (er líka 40%GG),1,1,1,1,1,1,1,1,1,1,1,0,MV-KV-NV,40%,0%,0%,0%,0%,0%,0%,0%,20%,40%,0%,0%,0%,0%,0%,0%,0%,40%,40%,0%,0%,0%,0%,0%,0%,0%,40%,40%,0%,0%,0%,0%,0%,0%,0%,40%,40%,0%,0%,0%,0%,0%,0%,0%,20%,40%,0%,0%,0%,0%,0%,0%,0%,10%,40%,0%,0%,0%,0%,0%,0%,0%,0%,40%,0%,0%,0%,0%,0%,0%,0%,20%,40%,0%,0%,0%,0%,0%,0%,0%,0%,40%,0%,0%,0%,0%,0%,0%,0%,0%,40%,0%,0%,0%,0%,0%,0%,0%,0%,40%,0%,0%,0%,0%,0%,0%,0%,0%,,,,
h61,100%,0,0,1,1,1,0,1,1,0,0,1,0,MV-KV-NV,100%,0%,0%,0%,0%,0%,0%,0%,0%,100%,0%,0%,0%,0%,0%,0%,0%,0%,100%,0%,0%,0%,0%,0%,0%,0%,0%,100%,0%,0%,0%,0%,0%,0%,0%,0%,100%,0%,0%,0%,0%,0%,0%,0%,0%,100%,0%,0%,0%,0%,0%,0%,0%,0%,100%,0%,0%,0%,0%,0%,0%,0%,0%,100%,0%,0%,0%,0%,0%,0%,0%,0%,100%,0%,0%,0%,0%,0%,0%,0%,0%,100%,0%,0%,0%,0%,0%,0%,0%,0%,100%,0%,0%,0%,0%,0%,0%,0%,0%,100%,0%,0%,0%,0%,0%,0%,0%,0%,,,,
h62,60% (50%NV) Vottorð út 31.8,0,1,1,1,1,1,1,1,0,0,1,0,NV,60%,0%,0%,0%,0%,0%,0%,0%,0%,60%,0%,0%,0%,0%,0%,0%,0%,0%,60%,0%,0%,0%,0%,0%,0%,0%,0%,60%,0%,0%,0%,0%,0%,0%,0%,0%,60%,0%,0%,0%,0%,0%,0%,0%,0%,60%,0%,0%,0%,0%,0%,0%,0%,45%,60%,0%,0%,0%,0%,0%,0%,0%,60%,60%,0%,0%,0%,0%,0%,0%,0%,60%,60%,0%,0%,0%,0%,0%,0%,0%,0%,60%,0%,0%,0%,0%,0%,0%,0%,0%,60%,0%,0%,0%,0%,0%,0%,0%,0%,60%,0%,0%,0%,0%,0%,0%,0%,0%,Sínar helgar og allar mánudags næturvaktir,,,
h63,100% (50%NV) ,0,0,0,0,1,0,1,1,0,0,1,0,NV,50%,0%,0%,0%,0%,0%,0%,0%,0%,50%,0%,0%,0%,0%,0%,0%,0%,0%,50%,0%,0%,0%,0%,0%,0%,0%,0%,50%,0%,0%,0%,0%,0%,0%,0%,0%,100%,0%,0%,0%,0%,0%,0%,0%,0%,100%,0%,0%,0%,0%,0%,0%,0%,0%,100%,0%,0%,0%,0%,0%,0%,0%,100%,100%,0%,0%,0%,0%,0%,0%,0%,50%,100%,0%,0%,0%,0%,0%,0%,0%,0%,100%,0%,0%,0%,0%,0%,0%,0%,0%,100%,0%,0%,0%,0%,0%,0%,0%,0%,100%,0%,0%,0%,0%,0%,0%,0%,0%,,,,
h64,100%,0,0,0,0,1,0,1,1,0,0,1,0,MV-KV-NV,0%,0%,0%,0%,0%,0%,0%,0%,0%,60%,0%,0%,40%,0%,0%,0%,0%,0%,100%,0%,0%,40%,0%,0%,0%,0%,0%,100%,0%,0%,60%,0%,0%,0%,0%,0%,100%,0%,0%,60%,0%,0%,0%,0%,0%,100%,0%,0%,60%,0%,0%,0%,0%,0%,100%,0%,0%,60%,0%,0%,0%,0%,0%,100%,0%,0%,80%,0%,0%,0%,0%,0%,100%,0%,0%,80%,0%,0%,0%,0%,0%,100%,0%,0%,0%,0%,0%,0%,0%,0%,100%,0%,0%,0%,0%,0%,0%,0%,0%,100%,0%,0%,0%,0%,0%,0%,0%,0%,,,,
h65,50%,1,1,1,1,1,1,1,1,1,1,1,0,MV-KV-NV,50%,0%,0%,0%,0%,0%,0%,0%,0%,50%,0%,0%,0%,0%,0%,0%,0%,0%,50%,0%,0%,0%,0%,0%,0%,0%,0%,50%,0%,0%,0%,0%,0%,0%,0%,0%,50%,0%,0%,0%,0%,0%,0%,0%,0%,50%,0%,0%,0%,0%,0%,0%,0%,0%,50%,0%,0%,0%,0%,0%,0%,0%,0%,50%,0%,0%,0%,0%,0%,0%,0%,0%,50%,0%,0%,0%,0%,0%,0%,0%,0%,50%,0%,0%,0%,0%,0%,0%,0%,0%,50%,0%,0%,0%,0%,0%,0%,0%,0%,50%,0%,0%,0%,0%,0%,0%,0%,0%,,,,
h66,100% (Hættir 30.04.26),0,0,0,0,0,0,0,0,0,0,0,0,MV-KV,100%,0%,0%,0%,0%,0%,0%,0%,0%,100%,0%,0%,0%,0%,0%,0%,0%,0%,100%,0%,0%,0%,0%,0%,0%,0%,0%,100%,0%,0%,0%,0%,0%,0%,0%,0%,0%,0%,0%,0%,0%,0%,0%,0%,0%,0%,0%,0%,0%,0%,0%,0%,0%,0%,0%,0%,0%,0%,0%,0%,0%,0%,0%,0%,0%,0%,0%,0%,0%,0%,0%,0%,0%,0%,0%,0%,0%,0%,0%,0%,0%,0%,0%,0%,0%,0%,0%,0%,0%,0%,0%,0%,0%,0%,0%,0%,0%,0%,0%,0%,0%,0%,0%,0%,0%,0%,0%,0%,Hættir vegna Álags,,,
h67,90%,0,0,0,1,1,0,1,1,0,1,1,0,MV-KV-NV,90%,0%,0%,0%,0%,0%,0%,0%,0%,90%,0%,0%,0%,0%,0%,0%,0%,0%,90%,0%,0%,0%,0%,0%,0%,0%,0%,90%,0%,0%,0%,0%,0%,0%,0%,0%,90%,0%,0%,0%,0%,0%,0%,0%,0%,90%,0%,0%,0%,0%,0%,0%,0%,0%,90%,0%,0%,0%,0%,0%,0%,0%,0%,90%,0%,0%,0%,0%,0%,0%,0%,0%,90%,0%,0%,0%,0%,0%,0%,0%,0%,90%,0%,0%,0%,0%,0%,0%,0%,0%,90%,0%,0%,0%,0%,0%,0%,0%,0%,90%,0%,0%,0%,0%,0%,0%,0%,0%,,,,
h68,100% Athuga hvort fékk námsleyfi,0,1,1,1,1,1,1,1,1,1,1,0,MV-KV-NV,63%,0%,0%,0%,0%,0%,63%,0%,0%,63%,0%,0%,0%,0%,0%,63%,0%,0%,63%,0%,0%,0%,0%,0%,63%,0%,0%,63%,0%,0%,0%,0%,0%,63%,0%,0%,81%,0%,0%,0%,0%,0%,75%,0%,0%,100%,0%,0%,0%,0%,0%,50%,0%,0%,100%,0%,0%,0%,0%,0%,100%,0%,0%,100%,0%,0%,0%,0%,0%,0%,0%,0%,100%,0%,0%,0%,0%,0%,0%,0%,100%,100%,0%,0%,0%,0%,0%,0%,0%,0%,100%,0%,0%,0%,0%,0%,0%,0%,0%,100%,0%,0%,0%,0%,0%,0%,0%,0%,,,,
h69,50%,0,0,0,0,1,0,1,1,0,0,0,0,MV-KV-NV,0%,0%,0%,0%,0%,0%,0%,0%,0%,0%,0%,0%,0%,0%,0%,0%,0%,0%,0%,0%,0%,0%,0%,0%,0%,0%,0%,50%,0%,0%,0%,0%,0%,0%,0%,0%,75%,0%,0%,0%,0%,0%,0%,0%,0%,100%,0%,0%,0%,0%,0%,0%,0%,0%,100%,0%,0%,0%,0%,0%,0%,0%,0%,100%,0%,0%,0%,0%,0%,0%,0%,0%,50%,0%,0%,0%,0%,0%,0%,0%,0%,50%,0%,0%,0%,0%,0%,0%,0%,0%,50%,0%,0%,0%,0%,0%,0%,0%,0%,50%,0%,0%,0%,0%,0%,0%,0%,0%,,,,
h70,100%,0,0,1,1,1,0,1,1,0,0,1,0,MV-KV-NV,100%,0%,0%,0%,0%,0%,0%,0%,0%,100%,0%,0%,0%,0%,0%,0%,0%,0%,100%,0%,0%,0%,0%,0%,0%,0%,0%,100%,0%,0%,0%,0%,0%,0%,0%,0%,100%,0%,0%,0%,0%,0%,0%,0%,0%,100%,0%,0%,0%,0%,0%,0%,0%,0%,100%,0%,0%,0%,0%,0%,0%,0%,0%,100%,0%,0%,0%,0%,0%,0%,0%,0%,100%,0%,0%,0%,0%,0%,0%,0%,0%,100%,0%,0%,0%,0%,0%,0%,0%,0%,100%,0%,0%,0%,0%,0%,0%,0%,0%,100%,0%,0%,0%,0%,0%,0%,0%,0%,,,,
h71,Fer á kvenna 15.09.2026,0,0,0,0,0,0,0,0,0,0,0,0,MV - KV,95%,0%,0%,0%,0%,0%,0%,0%,45%,100%,0%,0%,0%,0%,0%,0%,0%,100%,100%,0%,0%,0%,0%,0%,0%,0%,60%,100%,0%,0%,0%,0%,0%,0%,0%,40%,100%,0%,0%,0%,0%,0%,0%,0%,25%,100%,0%,0%,0%,0%,0%,0%,0%,0%,100%,0%,0%,0%,0%,0%,0%,0%,0%,100%,0%,0%,0%,0%,0%,0%,0%,0%,50%,0%,0%,0%,0%,0%,0%,0%,0%,0%,0%,0%,0%,0%,0%,0%,0%,0%,0%,0%,0%,0%,0%,0%,0%,0%,0%,0%,0%,0%,0%,0%,0%,0%,0%,0%,,,,
h72,70%,1,1,1,1,1,1,1,1,1,1,1,0,MV-KV-NV,70%,0%,0%,0%,0%,0%,0%,0%,0%,70%,0%,0%,0%,0%,0%,0%,0%,0%,70%,0%,0%,0%,0%,0%,0%,0%,0%,70%,0%,0%,0%,0%,0%,0%,0%,0%,70%,0%,0%,0%,0%,0%,0%,0%,0%,70%,0%,0%,0%,0%,0%,0%,0%,0%,70%,0%,0%,0%,0%,0%,0%,0%,0%,70%,0%,0%,0%,0%,0%,0%,0%,0%,70%,0%,0%,0%,0%,0%,0%,0%,0%,70%,0%,0%,0%,0%,0%,0%,0%,0%,70%,0%,0%,0%,0%,0%,0%,0%,0%,70%,0%,0%,0%,0%,0%,0%,0%,0%,,,,
h73,90% (50%NV),1,1,1,1,1,1,1,1,1,1,1,0,MV-KV-NV,90%,0%,0%,0%,0%,0%,0%,0%,0%,90%,0%,0%,0%,0%,0%,0%,0%,0%,90%,0%,0%,0%,0%,0%,0%,0%,0%,90%,0%,0%,0%,0%,0%,0%,0%,0%,90%,0%,0%,0%,0%,0%,0%,0%,0%,90%,0%,0%,0%,0%,0%,0%,0%,0%,90%,0%,0%,0%,0%,0%,0%,0%,0%,90%,0%,0%,0%,0%,0%,0%,0%,0%,90%,0%,0%,0%,0%,0%,0%,0%,0%,90%,0%,0%,0%,0%,0%,0%,0%,0%,90%,0%,0%,0%,0%,0%,0%,0%,0%,90%,0%,0%,0%,0%,0%,0%,0%,0%,,,,
h74,70%,0,1,0,0,0,0,0,0,1,1,1,0,12-20-KV,70%,0%,0%,0%,0%,0%,0%,0%,0%,70%,0%,0%,0%,0%,0%,0%,0%,0%,70%,0%,0%,0%,0%,0%,0%,0%,0%,70%,0%,0%,0%,0%,0%,0%,0%,0%,70%,0%,0%,0%,0%,0%,0%,0%,0%,70%,0%,0%,0%,0%,0%,0%,0%,0%,70%,0%,0%,0%,0%,0%,0%,0%,0%,70%,0%,0%,0%,0%,0%,0%,0%,0%,70%,0%,0%,0%,0%,0%,0%,0%,0%,70%,0%,0%,0%,0%,0%,0%,0%,0%,70%,0%,0%,0%,0%,0%,0%,0%,0%,70%,0%,0%,0%,0%,0%,0%,0%,0%,,,,
h75,100% frá 01.09.2026,0,0,0,0,1,0,1,1,0,0,0,0,MV-KV-NV,30%,0%,0%,0%,0%,0%,0%,0%,0%,30%,0%,0%,0%,0%,0%,0%,0%,0%,30%,0%,0%,0%,0%,0%,0%,0%,0%,30%,0%,0%,0%,0%,0%,0%,0%,0%,55%,0%,0%,0%,0%,0%,0%,0%,0%,80%,0%,0%,0%,0%,0%,0%,0%,0%,80%,0%,0%,0%,0%,0%,0%,0%,0%,80%,0%,0%,0%,0%,0%,0%,0%,0%,100%,0%,0%,0%,0%,0%,0%,0%,0%,100%,0%,0%,0%,0%,0%,0%,0%,0%,100%,0%,0%,0%,0%,0%,0%,0%,0%,100%,0%,0%,0%,0%,0%,0%,0%,0%,,,,
h76,50%,0,0,0,0,1,0,1,1,0,0,0,0,MV-KV,50%,0%,0%,0%,0%,0%,0%,0%,0%,50%,0%,0%,0%,0%,0%,0%,0%,0%,50%,0%,0%,0%,0%,0%,0%,0%,0%,50%,0%,0%,0%,0%,0%,0%,0%,0%,50%,0%,0%,0%,0%,0%,0%,0%,0%,50%,0%,0%,0%,0%,0%,0%,0%,0%,50%,0%,0%,0%,0%,0%,0%,0%,0%,50%,0%,0%,0%,0%,0%,0%,0%,0%,50%,0%,0%,0%,0%,0%,0%,0%,0%,50%,0%,0%,0%,0%,0%,0%,0%,0%,50%,0%,0%,0%,0%,0%,0%,0%,0%,50%,0%,0%,0%,0%,0%,0%,0%,0%,,,,
h77,100%,0,0,0,0,1,0,1,1,0,0,1,0,MV-KV-NV,100%,0%,0%,0%,0%,0%,0%,0%,0%,100%,0%,0%,0%,0%,0%,0%,0%,0%,100%,0%,0%,0%,0%,0%,0%,0%,0%,100%,0%,0%,0%,0%,0%,0%,0%,0%,100%,0%,0%,0%,0%,0%,0%,0%,0%,100%,0%,0%,0%,0%,0%,0%,0%,0%,100%,0%,0%,0%,0%,0%,0%,0%,0%,100%,0%,0%,0%,0%,0%,0%,0%,0%,100%,0%,0%,0%,0%,0%,0%,0%,0%,100%,0%,0%,0%,0%,0%,0%,0%,0%,100%,0%,0%,0%,0%,0%,0%,0%,0%,100%,0%,0%,0%,0%,0%,0%,0%,0%,,,,
h78,100%,0,1,1,1,1,1,1,1,1,0,1,0,MV-KV-NV,100%,0%,0%,0%,0%,0%,0%,0%,20%,100%,100%,0%,0%,0%,0%,0%,0%,100%,100%,0%,0%,0%,0%,0%,0%,0%,100%,100%,0%,0%,0%,0%,0%,0%,0%,50%,100%,0%,0%,0%,0%,0%,0%,0%,25%,100%,0%,0%,0%,0%,0%,0%,0%,0%,100%,0%,0%,0%,0%,0%,0%,0%,0%,100%,0%,0%,0%,0%,0%,0%,0%,0%,100%,0%,0%,0%,0%,0%,0%,0%,0%,100%,0%,0%,0%,0%,0%,0%,0%,0%,100%,0%,0%,0%,0%,0%,0%,0%,0%,100%,0%,0%,0%,0%,0%,0%,0%,0%,GIK 20-21 október,,,
h79,100%,0,0,1,1,1,1,1,1,0,0,1,0,MV-KV-NV,63%,0%,0%,0%,0%,0%,63%,0%,0%,63%,0%,0%,0%,0%,0%,63%,0%,0%,63%,0%,0%,0%,0%,0%,63%,0%,0%,80%,0%,0%,0%,0%,0%,30%,0%,0%,80%,0%,0%,0%,0%,0%,30%,0%,0%,80%,0%,0%,0%,0%,0%,30%,0%,0%,80%,0%,0%,0%,0%,0%,30%,0%,0%,80%,0%,0%,0%,0%,0%,20%,0%,0%,80%,0%,0%,0%,0%,0%,0%,0%,0%,100%,0%,0%,0%,0%,0%,0%,0%,0%,100%,0%,0%,0%,0%,0%,0%,0%,0%,100%,0%,0%,0%,0%,0%,0%,0%,0%,Getur ekki unnið mánudagskvöld,,,
h80,50%,0,0,1,1,1,0,1,1,0,0,1,0,MV-KV-NV,50%,0%,0%,0%,0%,0%,0%,0%,0%,50%,0%,0%,0%,0%,0%,0%,0%,0%,50%,0%,0%,0%,0%,0%,0%,0%,0%,50%,0%,0%,0%,0%,0%,0%,0%,0%,50%,0%,0%,0%,0%,0%,0%,0%,0%,50%,0%,0%,0%,0%,0%,0%,0%,0%,50%,0%,0%,0%,0%,0%,0%,0%,0%,50%,0%,0%,0%,0%,0%,0%,0%,0%,50%,0%,0%,0%,0%,0%,0%,0%,0%,50%,0%,0%,0%,0%,0%,0%,0%,0%,50%,0%,0%,0%,0%,0%,0%,0%,0%,50%,0%,0%,0%,0%,0%,0%,0%,0%,,,,
h81,100% (30% BÖR 20% námsleyfi),0,0,0,0,1,1,1,1,0,0,1,1,MV-KV-NV,70%,0%,50%,0%,0%,0%,0%,0%,0%,75%,0%,50%,0%,0%,0%,0%,0%,0%,80%,0%,50%,0%,0%,0%,0%,0%,0%,90%,0%,40%,0%,0%,0%,0%,0%,0%,100%,0%,40%,0%,0%,0%,0%,0%,0%,100%,0%,40%,0%,0%,0%,0%,0%,0%,100%,0%,40%,0%,0%,0%,0%,0%,0%,100%,0%,30%,0%,10%,0%,0%,0%,0%,100%,0%,30%,0%,20%,0%,0%,0%,0%,100%,0%,30%,0%,20%,0%,0%,0%,0%,100%,0%,30%,0%,20%,0%,0%,0%,0%,100%,0%,30%,0%,10%,0%,0%,0%,0%,,,,
h82,50% fæðingarorlof til  út árið,0,0,0,0,0,0,0,0,0,0,0,0,MV-KV-NV,80%,0%,0%,0%,0%,0%,80%,0%,0%,50%,0%,0%,0%,0%,0%,50%,0%,0%,50%,0%,0%,0%,0%,0%,50%,0%,0%,50%,0%,0%,0%,0%,0%,50%,0%,0%,50%,0%,0%,0%,0%,0%,50%,0%,0%,50%,0%,0%,0%,0%,0%,50%,0%,0%,50%,0%,0%,0%,0%,0%,50%,0%,0%,50%,0%,0%,0%,0%,0%,50%,0%,0%,50%,0%,0%,0%,0%,0%,50%,0%,0%,50%,0%,0%,0%,0%,0%,50%,0%,0%,50%,0%,0%,0%,0%,0%,50%,0%,0%,50%,0%,0%,0%,0%,0%,50%,0%,0%,Vantar inn fæðingarorlof eftir 15. ágúst,,,
h83,50% (fer í 20% vinnu frá 01.10),0,1,0,0,0,0,0,0,1,1,1,0,MV,50%,0%,0%,0%,0%,0%,0%,0%,0%,50%,0%,0%,0%,0%,0%,0%,0%,0%,50%,0%,0%,0%,0%,0%,0%,0%,0%,50%,0%,0%,0%,0%,0%,0%,0%,0%,50%,0%,0%,0%,0%,0%,0%,0%,0%,50%,0%,0%,0%,0%,0%,0%,0%,0%,50%,0%,0%,0%,0%,0%,0%,0%,0%,50%,0%,0%,0%,0%,0%,0%,0%,0%,50%,0%,0%,0%,0%,0%,0%,0%,0%,20%,0%,0%,0%,0%,0%,0%,0%,0%,20%,0%,0%,0%,0%,0%,0%,0%,0%,20%,0%,0%,0%,0%,0%,0%,0%,0%,Bara morgunvaktir þriðju hverju helgi,,,
h84,80%,1,1,1,1,1,1,1,1,1,1,1,0,MV-KV,80%,0%,0%,0%,0%,0%,0%,0%,0%,80%,0%,0%,0%,0%,0%,0%,0%,0%,80%,0%,0%,0%,0%,0%,0%,0%,0%,80%,0%,0%,0%,0%,0%,0%,0%,0%,80%,0%,0%,0%,0%,0%,0%,0%,0%,80%,0%,0%,0%,0%,0%,0%,0%,0%,80%,0%,0%,0%,0%,0%,0%,0%,0%,80%,0%,0%,0%,0%,0%,0%,0%,0%,80%,0%,0%,0%,0%,0%,0%,0%,0%,80%,0%,0%,0%,0%,0%,0%,0%,0%,80%,0%,0%,0%,0%,0%,0%,0%,0%,80%,0%,0%,0%,0%,0%,0%,0%,0%,,,,
h85,100% (60%NV),1,1,1,1,1,1,1,1,1,1,1,0,MV-KV-NV,100%,0%,0%,0%,0%,0%,0%,0%,0%,100%,0%,0%,0%,0%,0%,0%,0%,0%,100%,0%,0%,0%,0%,0%,0%,0%,0%,100%,0%,0%,0%,0%,0%,0%,0%,0%,100%,0%,0%,0%,0%,0%,0%,0%,0%,100%,0%,0%,0%,0%,0%,0%,0%,0%,100%,0%,0%,0%,0%,0%,0%,0%,0%,100%,0%,0%,0%,0%,0%,0%,0%,0%,100%,0%,0%,0%,0%,0%,0%,0%,0%,100%,0%,0%,0%,0%,0%,0%,0%,0%,100%,0%,0%,0%,0%,0%,0%,0%,0%,100%,0%,0%,0%,0%,0%,0%,0%,0%,,,,
h86,20%,0,1,1,1,1,1,1,1,1,1,1,0,MV-KV,80%,0%,0%,0%,0%,0%,0%,0%,0%,80%,0%,0%,0%,0%,0%,0%,0%,0%,80%,0%,0%,0%,0%,0%,0%,0%,0%,80%,0%,0%,0%,0%,0%,0%,0%,0%,20%,0%,0%,0%,0%,0%,0%,0%,0%,20%,0%,0%,0%,0%,0%,0%,0%,0%,20%,0%,0%,0%,0%,0%,0%,0%,0%,20%,0%,0%,0%,0%,0%,0%,0%,0%,20%,0%,0%,0%,0%,0%,0%,0%,0%,20%,0%,0%,0%,0%,0%,0%,0%,0%,20%,0%,0%,0%,0%,0%,0%,0%,0%,20%,0%,0%,0%,0%,0%,0%,0%,0%,,,,
h87,80%,0,0,0,0,0,0,0,0,0,0,0,0,MV-KV,80%,0%,0%,0%,0%,0%,0%,0%,0%,0%,0%,0%,0%,0%,0%,0%,0%,0%,0%,0%,0%,0%,0%,0%,0%,0%,80%,0%,0%,0%,0%,0%,0%,0%,0%,0%,0%,0%,0%,0%,0%,0%,0%,0%,0%,0%,0%,0%,0%,0%,0%,0%,0%,0%,0%,0%,0%,0%,0%,0%,0%,0%,0%,0%,0%,0%,0%,0%,0%,0%,0%,0%,0%,0%,0%,0%,0%,0%,0%,0%,0%,0%,0%,0%,0%,0%,0%,0%,0%,0%,0%,0%,0%,0%,0%,0%,0%,0%,0%,0%,0%,0%,0%,0%,0%,0%,0%,0%,Hættir vegna betri launa á annari stofnun,,,
h88,"19,84% fæðingarorlof til 22.01.2027",0,0,0,0,0,0,0,0,0,0,0,0,MV-KV-NV,20%,0%,0%,0%,0%,0%,20%,0%,0%,20%,0%,0%,0%,0%,0%,30%,0%,0%,20%,0%,0%,0%,0%,0%,20%,0%,0%,20%,0%,0%,0%,0%,0%,20%,0%,0%,20%,0%,0%,0%,0%,0%,20%,0%,0%,20%,0%,0%,0%,0%,0%,20%,0%,0%,20%,0%,0%,0%,0%,0%,20%,0%,0%,20%,0%,0%,0%,0%,0%,20%,0%,0%,20%,0%,0%,0%,0%,0%,20%,0%,0%,20%,0%,0%,0%,0%,0%,20%,0%,0%,20%,0%,0%,0%,0%,0%,20%,0%,0%,20%,0%,0%,0%,0%,0%,20%,0%,0%,,,,
h89,67% fæðingarorlof til 24.11.2026,0,0,0,0,0,0,0,0,0,1,0,0,MV-KV-NV,80%,0%,0%,0%,0%,0%,80%,0%,0%,80%,0%,0%,0%,0%,0%,80%,0%,0%,67%,0%,0%,0%,0%,0%,67%,0%,0%,67%,0%,0%,0%,0%,0%,67%,0%,0%,67%,0%,0%,0%,0%,0%,67%,0%,0%,67%,0%,0%,0%,0%,0%,67%,0%,0%,67%,0%,0%,0%,0%,0%,67%,0%,0%,67%,0%,0%,0%,0%,0%,67%,0%,0%,67%,0%,0%,0%,0%,0%,67%,0%,0%,67%,0%,0%,0%,0%,0%,67%,0%,0%,67%,0%,0%,0%,0%,0%,67%,0%,0%,80%,0%,0%,0%,0%,0%,80%,0%,0%,,,,
h90,80%,1,1,1,1,1,1,1,1,0,1,1,0,MV-KV-NV,80%,20%,0%,0%,0%,0%,0%,0%,0%,80%,20%,0%,0%,0%,0%,0%,0%,0%,80%,20%,0%,0%,0%,0%,0%,0%,0%,80%,20%,0%,0%,0%,0%,0%,0%,0%,80%,20%,0%,0%,0%,0%,0%,0%,0%,80%,0%,0%,0%,0%,0%,0%,0%,0%,80%,0%,0%,0%,0%,0%,0%,0%,0%,80%,0%,0%,0%,0%,0%,0%,0%,0%,80%,0%,0%,0%,0%,0%,0%,0%,0%,80%,0%,0%,0%,0%,0%,0%,0%,0%,80%,0%,0%,0%,0%,0%,0%,0%,0%,80%,0%,0%,0%,0%,0%,0%,0%,0%,,,,
h91,30%,0,0,0,0,0,0,0,0,0,0,0,0,MV-KV,30%,0%,0%,0%,0%,0%,0%,0%,0%,30%,0%,0%,0%,0%,0%,0%,0%,0%,30%,0%,0%,0%,0%,0%,0%,0%,0%,30%,0%,0%,0%,0%,0%,0%,0%,0%,30%,0%,0%,0%,0%,0%,0%,0%,0%,0%,0%,0%,0%,0%,0%,0%,0%,0%,0%,0%,0%,0%,0%,0%,0%,0%,0%,0%,0%,0%,0%,0%,0%,0%,0%,0%,0%,0%,0%,0%,0%,0%,0%,0%,0%,0%,0%,0%,0%,0%,0%,0%,0%,0%,0%,0%,0%,0%,0%,0%,0%,0%,0%,0%,0%,0%,0%,0%,0%,0%,0%,0%,Samningur rennut út 31.05 engar helfar settar inn eftir það,,,
h92,100% sérfræðingur í hjúkrun,0,0,1,0,1,1,1,1,1,1,1,1,MV,0%,0%,0%,0%,0%,0%,0%,0%,0%,0%,0%,0%,0%,0%,0%,0%,0%,0%,0%,0%,0%,0%,0%,0%,0%,0%,0%,0%,0%,0%,0%,0%,0%,0%,0%,0%,0%,0%,0%,0%,0%,0%,0%,0%,0%,0%,0%,0%,0%,0%,0%,0%,0%,0%,0%,0%,0%,0%,0%,0%,0%,0%,0%,0%,0%,0%,0%,0%,0%,0%,0%,0%,0%,0%,0%,0%,0%,0%,0%,0%,0%,0%,0%,0%,0%,0%,0%,0%,0%,0%,0%,0%,0%,0%,0%,0%,0%,0%,0%,0%,0%,0%,0%,0%,0%,0%,0%,0%,,,,
h93,100% (60%NV),1,1,1,1,1,1,1,1,1,1,1,0,MV-KV-NV,100%,0%,0%,0%,0%,0%,0%,0%,0%,100%,0%,0%,0%,0%,0%,0%,0%,0%,100%,0%,0%,0%,0%,0%,0%,0%,0%,100%,0%,0%,0%,0%,0%,0%,0%,0%,100%,0%,0%,0%,0%,0%,0%,0%,0%,100%,0%,0%,0%,0%,0%,0%,0%,0%,100%,0%,0%,0%,0%,0%,0%,0%,0%,100%,0%,0%,0%,0%,0%,0%,0%,0%,100%,0%,0%,0%,0%,0%,0%,0%,0%,100%,0%,0%,0%,0%,0%,0%,0%,0%,100%,0%,0%,0%,0%,0%,0%,0%,0%,100%,0%,0%,0%,0%,0%,0%,0%,0%,,,,
h94,80% ( Á að eiga 28.12.26),0,0,0,0,1,0,1,1,0,0,1,0,MV-KV-NV,80%,0%,0%,0%,0%,0%,0%,0%,0%,80%,0%,0%,0%,0%,0%,0%,0%,0%,80%,0%,0%,0%,0%,0%,0%,0%,0%,80%,0%,0%,0%,0%,0%,0%,0%,0%,80%,0%,0%,0%,0%,0%,0%,0%,0%,80%,0%,0%,0%,0%,0%,0%,0%,0%,80%,0%,0%,0%,0%,0%,0%,0%,0%,80%,0%,0%,0%,0%,0%,0%,0%,0%,80%,0%,0%,0%,0%,0%,0%,0%,0%,80%,0%,0%,0%,0%,0%,0%,0%,0%,80%,0%,0%,0%,0%,0%,0%,0%,0%,80%,0%,0%,0%,0%,0%,20%,0%,0%,,,,
h95,50%,1,1,1,1,1,1,1,1,1,1,1,0,MV-KV-NV,50%,0%,0%,0%,0%,0%,0%,0%,0%,50%,0%,0%,0%,0%,0%,0%,0%,0%,50%,0%,0%,0%,0%,0%,0%,0%,0%,50%,0%,0%,0%,0%,0%,0%,0%,0%,50%,0%,0%,0%,0%,0%,0%,0%,0%,50%,0%,0%,0%,0%,0%,0%,0%,0%,50%,0%,0%,0%,0%,0%,0%,0%,0%,50%,0%,0%,0%,0%,0%,0%,0%,0%,50%,0%,0%,0%,0%,0%,0%,0%,0%,50%,0%,0%,0%,0%,0%,0%,0%,0%,50%,0%,0%,0%,0%,0%,0%,0%,0%,50%,0%,0%,0%,0%,0%,0%,0%,0%,,,,
h96,50%,0,0,0,0,0,0,0,0,0,1,1,0,MV-KV,90%,0%,0%,0%,0%,0%,0%,0%,0%,90%,0%,0%,0%,0%,0%,0%,0%,0%,90%,0%,0%,0%,0%,0%,0%,0%,0%,90%,0%,0%,0%,0%,0%,0%,0%,0%,90%,0%,0%,0%,0%,0%,0%,0%,0%,50%,0%,0%,0%,0%,0%,0%,0%,0%,50%,0%,0%,0%,0%,0%,0%,0%,0%,50%,0%,0%,0%,0%,0%,0%,0%,0%,50%,0%,0%,0%,0%,0%,0%,0%,0%,50%,0%,0%,0%,0%,0%,0%,0%,0%,50%,0%,0%,0%,0%,0%,0%,0%,0%,50%,0%,0%,0%,0%,0%,0%,0%,0%,,,,
h97,50%,1,1,1,1,1,1,1,1,1,1,1,0,MV-KV,50%,0%,0%,0%,0%,0%,0%,0%,0%,50%,0%,0%,0%,0%,0%,0%,0%,0%,50%,0%,0%,0%,0%,0%,0%,0%,0%,50%,0%,0%,0%,0%,0%,0%,0%,0%,50%,0%,0%,0%,0%,0%,0%,0%,0%,50%,0%,0%,0%,0%,0%,0%,0%,0%,50%,0%,0%,0%,0%,0%,0%,0%,0%,50%,0%,0%,0%,0%,0%,0%,0%,0%,50%,0%,0%,0%,0%,0%,0%,0%,0%,50%,0%,0%,0%,0%,0%,0%,0%,0%,50%,0%,0%,0%,0%,0%,0%,0%,0%,50%,0%,0%,0%,0%,0%,0%,0%,0%,,,,
h98,50%,1,1,1,1,1,1,1,1,1,1,1,0,MV-KV,50%,0%,0%,0%,0%,0%,0%,0%,0%,50%,0%,0%,0%,0%,0%,0%,0%,0%,50%,0%,0%,0%,0%,0%,0%,0%,45%,50%,0%,0%,0%,0%,0%,0%,0%,20%,50%,0%,0%,0%,0%,0%,0%,0%,0%,50%,0%,0%,0%,0%,0%,0%,0%,0%,50%,0%,0%,0%,0%,0%,0%,0%,0%,50%,0%,0%,0%,0%,0%,0%,0%,0%,50%,0%,0%,0%,0%,0%,0%,0%,0%,50%,0%,0%,0%,0%,0%,0%,0%,0%,50%,0%,0%,0%,0%,0%,0%,0%,0%,50%,0%,0%,0%,0%,0%,0%,0%,0%,,,,
h99,70%,1,1,1,1,1,1,1,1,1,1,1,0,MV-KV-NV,70%,0%,0%,0%,0%,0%,0%,0%,0%,70%,0%,0%,0%,0%,0%,0%,0%,0%,70%,0%,0%,0%,0%,0%,0%,0%,0%,70%,0%,0%,0%,0%,0%,0%,0%,0%,70%,0%,0%,0%,0%,0%,0%,0%,0%,70%,0%,0%,0%,0%,0%,0%,0%,0%,70%,0%,0%,0%,0%,0%,0%,0%,0%,70%,0%,0%,0%,0%,0%,0%,0%,0%,70%,0%,0%,0%,0%,0%,0%,0%,0%,70%,0%,0%,0%,0%,0%,0%,0%,0%,70%,0%,0%,0%,0%,0%,0%,0%,0%,70%,0%,0%,0%,0%,0%,0%,0%,0%,Kóræfing á þriðjudagskvöldum,,,
h100,"66,66% fæðingarorlof til 30.11.26",0,0,0,1,1,1,1,1,0,0,1,0,MV-KV-NV,67%,0%,0%,0%,0%,0%,67%,0%,0%,67%,0%,0%,0%,0%,0%,67%,0%,0%,67%,0%,0%,0%,0%,0%,67%,0%,0%,67%,0%,0%,0%,0%,0%,67%,0%,0%,67%,0%,0%,0%,0%,0%,67%,0%,0%,67%,0%,0%,0%,0%,0%,67%,0%,0%,67%,0%,0%,0%,0%,0%,67%,0%,0%,67%,0%,0%,0%,0%,0%,67%,0%,0%,67%,0%,0%,0%,0%,0%,67%,0%,0%,67%,0%,0%,0%,0%,0%,67%,0%,0%,70%,0%,0%,0%,0%,0%,80%,0%,0%,80%,0%,0%,0%,0%,0%,80%,0%,0%,,,,
h101,50%,0,0,1,1,1,1,1,1,0,0,1,0,MV-KV-NV,80%,0%,0%,0%,0%,0%,0%,0%,0%,80%,0%,0%,0%,0%,0%,0%,0%,0%,80%,0%,0%,0%,0%,0%,0%,0%,0%,80%,0%,0%,0%,0%,0%,0%,0%,0%,80%,0%,0%,0%,0%,0%,0%,0%,0%,65%,0%,0%,0%,0%,0%,0%,0%,0%,50%,0%,0%,0%,0%,0%,0%,0%,0%,50%,0%,0%,0%,0%,0%,0%,0%,0%,50%,0%,0%,0%,0%,0%,0%,0%,0%,50%,0%,0%,0%,0%,0%,0%,0%,0%,50%,0%,0%,0%,0%,0%,0%,0%,0%,50%,0%,0%,0%,0%,0%,0%,0%,0%,,,,
h102,100% (70% stjórnun),1,1,1,1,1,1,1,1,1,1,1,0,MV-KV-NV,100%,0%,0%,0%,0%,70%,0%,0%,0%,100%,0%,0%,0%,0%,70%,0%,0%,0%,100%,0%,0%,0%,0%,70%,0%,0%,0%,100%,0%,0%,0%,0%,70%,0%,0%,0%,100%,0%,0%,0%,0%,70%,0%,0%,0%,100%,0%,0%,0%,0%,70%,0%,0%,0%,100%,0%,0%,0%,0%,70%,0%,0%,0%,100%,0%,0%,0%,0%,70%,0%,0%,0%,100%,0%,0%,0%,0%,70%,0%,0%,0%,100%,0%,0%,0%,0%,70%,0%,0%,0%,100%,0%,0%,0%,0%,70%,0%,0%,0%,100%,0%,0%,0%,0%,70%,0%,0%,0%,,,,
h103,49.90%,1,1,1,1,1,1,1,1,0,0,0,0,MV-KV,50%,0%,0%,0%,0%,0%,0%,0%,0%,50%,0%,0%,0%,0%,0%,0%,0%,0%,50%,0%,0%,0%,0%,0%,0%,0%,0%,50%,0%,0%,0%,0%,0%,0%,0%,0%,50%,0%,0%,0%,0%,0%,0%,0%,0%,50%,0%,0%,0%,0%,0%,0%,0%,0%,50%,0%,0%,0%,0%,0%,0%,0%,0%,50%,0%,0%,0%,0%,0%,0%,0%,0%,50%,0%,0%,0%,0%,0%,0%,0%,0%,50%,0%,0%,0%,0%,0%,0%,0%,0%,50%,0%,0%,0%,0%,0%,0%,0%,0%,50%,0%,0%,0%,0%,0%,0%,0%,0%,,,,
h104,20% ( í mínus búin að senda póst),0,1,1,1,1,1,1,1,1,1,1,0,MV-KV,20%,0%,0%,0%,0%,0%,0%,0%,0%,20%,0%,0%,0%,0%,0%,0%,0%,0%,20%,0%,0%,0%,0%,0%,0%,0%,0%,20%,0%,0%,0%,0%,0%,0%,0%,0%,20%,0%,0%,0%,0%,0%,0%,0%,0%,20%,0%,0%,0%,0%,0%,0%,0%,0%,20%,0%,0%,0%,0%,0%,0%,0%,0%,20%,0%,0%,0%,0%,0%,0%,0%,0%,20%,0%,0%,0%,0%,0%,0%,0%,0%,20%,0%,0%,0%,0%,0%,0%,0%,0%,20%,0%,0%,0%,0%,0%,0%,0%,0%,20%,0%,0%,0%,0%,0%,0%,0%,0%,,,,
h105,60%,1,1,1,1,1,1,1,1,1,1,1,0,MV-KV-NV,60%,0%,0%,0%,0%,0%,0%,0%,20%,60%,0%,0%,0%,0%,0%,0%,0%,20%,60%,0%,0%,0%,0%,0%,0%,0%,0%,60%,0%,0%,0%,0%,0%,0%,0%,0%,60%,0%,0%,0%,0%,0%,0%,0%,0%,60%,0%,0%,0%,0%,0%,0%,0%,30%,60%,0%,0%,0%,0%,0%,0%,0%,30%,60%,0%,0%,0%,0%,0%,0%,0%,0%,60%,0%,0%,0%,0%,0%,0%,0%,0%,60%,0%,0%,0%,0%,0%,0%,0%,0%,60%,0%,0%,0%,0%,0%,0%,0%,0%,60%,0%,0%,0%,0%,0%,0%,0%,0%,,,,
h106,49.90%,1,1,1,1,1,1,1,1,1,1,1,0,MV-KV,70%,0%,0%,0%,0%,0%,0%,0%,0%,70%,0%,0%,0%,0%,0%,0%,0%,0%,50%,0%,0%,0%,0%,0%,0%,0%,0%,50%,0%,0%,0%,0%,0%,0%,0%,0%,50%,0%,0%,0%,0%,0%,0%,0%,0%,50%,0%,0%,0%,0%,0%,0%,0%,0%,50%,0%,0%,0%,0%,0%,0%,0%,0%,50%,0%,0%,0%,0%,0%,0%,0%,0%,50%,0%,0%,0%,0%,0%,0%,0%,0%,50%,0%,0%,0%,0%,0%,0%,0%,0%,50%,0%,0%,0%,0%,0%,0%,0%,0%,50%,0%,0%,0%,0%,0%,0%,0%,0%,,,,
h107,100%,0,1,1,1,1,1,1,1,0,0,1,0,MV-KV-NV,100%,0%,0%,0%,0%,0%,0%,0%,0%,100%,0%,0%,0%,0%,0%,0%,0%,0%,100%,0%,0%,0%,0%,0%,0%,0%,0%,100%,0%,0%,0%,0%,0%,0%,0%,0%,100%,0%,0%,0%,0%,0%,0%,0%,0%,100%,0%,0%,0%,0%,0%,0%,0%,0%,100%,0%,0%,0%,0%,0%,0%,0%,0%,100%,0%,0%,0%,0%,0%,0%,0%,0%,100%,0%,0%,0%,0%,0%,0%,0%,0%,100%,0%,0%,0%,0%,0%,0%,0%,0%,100%,0%,0%,0%,0%,0%,0%,0%,0%,100%,0%,0%,0%,0%,0%,0%,0%,0%,,,,
h108,80%,1,1,1,1,1,1,1,1,0,0,1,0,MV-KV-NV,100%,0%,0%,0%,0%,0%,0%,0%,0%,100%,0%,0%,0%,0%,0%,0%,0%,0%,100%,0%,0%,0%,0%,0%,0%,0%,0%,100%,0%,0%,0%,0%,0%,0%,0%,0%,100%,0%,0%,0%,0%,0%,0%,0%,0%,100%,0%,0%,0%,0%,0%,0%,0%,0%,80%,0%,0%,0%,0%,0%,0%,0%,0%,80%,0%,0%,0%,0%,0%,0%,0%,0%,80%,0%,0%,0%,0%,0%,0%,0%,0%,80%,0%,0%,0%,0%,0%,0%,0%,0%,80%,0%,0%,0%,0%,0%,0%,0%,0%,80%,0%,0%,0%,0%,0%,0%,0%,0%,Á lögguvakt frá miðnætti á mánudegi til miðnættis á þriðjudegi,,,
h109,80% frá 16.08.2026,0,1,1,1,1,1,1,1,0,1,1,0,MV-KV-NV,100%,0%,0%,0%,0%,0%,0%,0%,0%,100%,0%,0%,0%,0%,0%,0%,0%,0%,100%,0%,0%,0%,0%,0%,0%,0%,0%,100%,0%,0%,0%,0%,0%,0%,0%,0%,100%,0%,0%,0%,0%,0%,0%,0%,0%,100%,0%,0%,0%,0%,0%,0%,0%,0%,100%,0%,0%,0%,0%,0%,0%,0%,0%,90%,0%,0%,0%,0%,0%,0%,0%,0%,80%,0%,0%,0%,0%,0%,0%,0%,0%,80%,0%,0%,0%,0%,0%,0%,0%,0%,80%,0%,0%,0%,0%,0%,0%,0%,0%,80%,0%,0%,0%,0%,0%,0%,0%,0%,,,,
h110,100% (líklega 20% námsleyfi),1,1,1,1,1,1,1,1,1,1,1,0,MV-KV-NV,100%,15%,0%,0%,20%,0%,0%,0%,0%,100%,15%,0%,0%,20%,0%,0%,0%,0%,100%,15%,0%,0%,20%,0%,0%,0%,0%,100%,15%,0%,0%,20%,0%,0%,0%,0%,100%,15%,0%,0%,10%,0%,0%,0%,0%,100%,0%,0%,0%,0%,0%,0%,0%,0%,100%,0%,0%,0%,0%,0%,0%,0%,0%,100%,0%,0%,0%,0%,0%,0%,0%,0%,100%,0%,0%,0%,0%,0%,0%,0%,0%,100%,0%,0%,0%,0%,0%,0%,0%,0%,100%,0%,0%,0%,20%,0%,0%,0%,0%,100%,0%,0%,0%,0%,0%,0%,0%,0%,,,,
h111,30% (ATH mínus á plani 16.8-15.9),0,0,0,0,1,0,1,1,0,0,0,0,MV-KV-NV,0%,0%,0%,0%,0%,0%,0%,0%,0%,0%,0%,0%,0%,0%,0%,0%,0%,0%,15%,0%,0%,0%,0%,0%,0%,0%,0%,30%,0%,0%,0%,0%,0%,0%,0%,0%,55%,0%,0%,0%,0%,0%,0%,0%,0%,80%,0%,0%,0%,0%,0%,0%,0%,0%,80%,0%,0%,0%,0%,0%,0%,0%,0%,55%,0%,0%,0%,0%,0%,0%,0%,0%,30%,0%,0%,0%,0%,0%,0%,0%,0%,30%,0%,0%,0%,0%,0%,0%,0%,0%,30%,0%,0%,0%,0%,0%,0%,0%,0%,30%,0%,0%,0%,0%,0%,0%,0%,0%,,,,
h112,100% (60%NV),1,1,1,1,1,1,1,1,1,1,1,0,NV,100%,0%,0%,0%,0%,0%,0%,0%,0%,100%,0%,0%,0%,0%,0%,0%,0%,0%,100%,0%,0%,0%,0%,0%,0%,0%,0%,100%,0%,0%,0%,0%,0%,0%,0%,0%,100%,0%,0%,0%,0%,0%,0%,0%,0%,100%,0%,0%,0%,0%,0%,0%,0%,0%,100%,0%,0%,0%,0%,0%,0%,0%,0%,100%,0%,0%,0%,0%,0%,0%,0%,0%,100%,0%,0%,0%,0%,0%,0%,0%,0%,100%,0%,0%,0%,0%,0%,0%,0%,0%,100%,0%,0%,0%,0%,0%,0%,0%,0%,100%,0%,0%,0%,0%,0%,0%,0%,0%,,,,
h113,100%,0,0,0,0,1,1,1,1,0,0,1,0,MV-KV-NV,100%,0%,0%,0%,0%,0%,0%,0%,0%,100%,0%,0%,0%,0%,0%,0%,0%,0%,100%,0%,0%,0%,0%,0%,0%,0%,0%,100%,0%,0%,0%,0%,0%,0%,0%,0%,100%,0%,0%,0%,0%,0%,0%,0%,0%,100%,0%,0%,0%,0%,0%,0%,0%,0%,100%,0%,0%,0%,0%,0%,0%,0%,0%,100%,0%,0%,0%,0%,0%,0%,0%,0%,100%,0%,0%,0%,0%,0%,0%,0%,0%,100%,0%,0%,0%,0%,0%,0%,0%,0%,100%,0%,0%,0%,0%,0%,0%,0%,0%,100%,0%,0%,0%,0%,0%,0%,0%,0%,Er á kajak á lau morgnum,,,
h114,70%,0,0,0,0,1,1,1,1,0,0,1,0,MV-KV-NV,70%,0%,0%,0%,0%,0%,0%,0%,0%,70%,0%,0%,0%,0%,0%,0%,0%,0%,70%,0%,0%,0%,0%,0%,0%,0%,0%,70%,0%,0%,0%,0%,0%,0%,0%,0%,70%,0%,0%,0%,0%,0%,0%,0%,0%,70%,0%,0%,0%,0%,0%,0%,0%,0%,70%,0%,0%,0%,0%,0%,0%,0%,0%,70%,0%,0%,0%,0%,0%,0%,0%,0%,70%,0%,0%,0%,0%,0%,0%,0%,0%,70%,0%,0%,0%,0%,0%,0%,0%,0%,70%,0%,0%,0%,0%,0%,0%,0%,0%,70%,0%,0%,0%,0%,0%,0%,0%,0%,,,,
h115,100% verkefni á vegum BLEND,0,0,0,0,0,0,0,0,0,0,0,0,MV,20%,20%,0%,0%,0%,0%,0%,0%,0%,0%,0%,0%,0%,0%,0%,0%,0%,0%,0%,0%,0%,0%,0%,0%,0%,0%,0%,0%,0%,0%,0%,0%,0%,0%,0%,0%,0%,0%,0%,0%,0%,0%,0%,0%,0%,0%,0%,0%,0%,0%,0%,0%,0%,0%,0%,0%,0%,0%,0%,0%,0%,0%,0%,0%,0%,0%,0%,0%,0%,0%,0%,0%,0%,0%,0%,0%,0%,0%,0%,0%,0%,0%,0%,0%,0%,0%,0%,0%,0%,0%,0%,0%,0%,0%,0%,0%,0%,0%,0%,0%,0%,0%,0%,0%,0%,0%,0%,0%,Hættir vegna Álags,,,
h116,80% fæðingarorlof til 07.04.27,0,0,0,0,1,0,1,1,0,0,0,0,MV-KV-NV,80%,0%,0%,0%,0%,0%,0%,0%,0%,80%,0%,0%,0%,0%,0%,0%,0%,0%,80%,0%,0%,0%,0%,0%,10%,0%,0%,80%,0%,0%,0%,0%,0%,40%,0%,0%,80%,0%,0%,0%,0%,0%,80%,0%,0%,80%,0%,0%,0%,0%,0%,80%,0%,0%,80%,0%,0%,0%,0%,0%,80%,0%,0%,80%,0%,0%,0%,0%,0%,80%,0%,0%,80%,0%,0%,0%,0%,0%,80%,0%,0%,80%,0%,0%,0%,0%,0%,80%,0%,0%,80%,0%,0%,0%,0%,0%,80%,0%,0%,80%,0%,0%,0%,0%,0%,80%,0%,0%,,,,
h117,80% frá 01.09.2026,0,0,0,0,1,0,1,1,0,1,1,0,MV-KV-NV,40%,0%,0%,0%,0%,0%,0%,0%,0%,15%,0%,0%,0%,0%,0%,0%,0%,0%,15%,0%,0%,0%,0%,0%,0%,0%,0%,20%,0%,0%,0%,0%,0%,0%,0%,0%,45%,0%,0%,0%,0%,0%,0%,0%,0%,45%,0%,0%,0%,0%,0%,0%,0%,0%,45%,0%,0%,0%,0%,0%,0%,0%,0%,50%,0%,0%,0%,0%,0%,0%,0%,0%,80%,0%,0%,0%,0%,0%,0%,0%,0%,80%,0%,0%,0%,0%,0%,0%,0%,0%,80%,0%,0%,0%,0%,0%,0%,0%,0%,80%,0%,0%,0%,0%,0%,0%,0%,0%,,,,
h118,80% (60%NV),0,0,0,1,1,0,1,1,0,0,1,0,MV-KV-NV,90%,0%,0%,0%,0%,0%,0%,0%,0%,100%,0%,0%,0%,0%,0%,0%,0%,0%,100%,0%,0%,0%,0%,0%,0%,0%,0%,100%,0%,0%,0%,0%,0%,0%,0%,0%,80%,0%,0%,0%,0%,0%,0%,0%,0%,80%,0%,0%,0%,0%,0%,0%,0%,0%,80%,0%,0%,0%,0%,0%,0%,0%,0%,80%,0%,0%,0%,0%,0%,0%,0%,0%,80%,0%,0%,0%,0%,0%,0%,0%,0%,80%,0%,0%,0%,0%,0%,0%,0%,0%,80%,0%,0%,0%,0%,0%,0%,0%,0%,80%,0%,0%,0%,0%,0%,0%,0%,0%,,,,
h119,80% áFO til 24.06.2027,0,0,0,1,1,0,1,1,0,0,0,0,MV-KV,80%,0%,0%,0%,0%,0%,0%,0%,80%,65%,0%,0%,0%,0%,0%,0%,0%,35%,80%,0%,0%,0%,0%,0%,0%,0%,0%,80%,0%,0%,0%,0%,0%,40%,0%,0%,80%,0%,0%,0%,0%,0%,80%,0%,0%,80%,0%,0%,0%,0%,0%,80%,0%,0%,80%,0%,0%,0%,0%,0%,80%,0%,0%,80%,0%,0%,0%,0%,0%,80%,0%,0%,80%,0%,0%,0%,0%,0%,80%,0%,0%,80%,0%,0%,0%,0%,0%,80%,0%,0%,80%,0%,0%,0%,0%,0%,80%,0%,0%,80%,0%,0%,0%,0%,0%,80%,0%,0%,,,,
h120,80% frá 1. sept ólétt sett í feb,0,0,1,1,1,0,1,1,0,0,1,0,MV-KV-NV,0%,0%,0%,0%,0%,0%,0%,0%,0%,0%,0%,0%,0%,0%,0%,0%,0%,0%,30%,0%,0%,0%,0%,0%,0%,0%,0%,50%,0%,0%,0%,0%,0%,0%,0%,0%,50%,0%,0%,0%,0%,0%,0%,0%,0%,50%,0%,0%,0%,0%,0%,0%,0%,0%,50%,0%,0%,0%,0%,0%,0%,0%,0%,50%,0%,0%,0%,0%,0%,0%,0%,0%,80%,0%,0%,0%,0%,0%,0%,0%,0%,80%,0%,0%,0%,0%,0%,0%,0%,0%,80%,0%,0%,0%,0%,0%,0%,0%,0%,80%,0%,0%,0%,0%,0%,0%,0%,0%,,,,
h121,80% (50%NV) - 100% frá 16.09.26,0,0,0,0,1,0,1,1,0,0,1,0,MV-KV-NV,80%,0%,0%,0%,0%,0%,0%,0%,0%,80%,0%,0%,0%,0%,0%,0%,0%,0%,80%,0%,0%,0%,0%,0%,0%,0%,0%,80%,0%,0%,0%,0%,0%,0%,0%,0%,80%,0%,0%,0%,0%,0%,0%,0%,0%,80%,0%,0%,0%,0%,0%,0%,0%,0%,80%,0%,0%,0%,0%,0%,0%,0%,0%,80%,0%,0%,0%,0%,0%,0%,0%,0%,90%,0%,0%,0%,0%,0%,0%,0%,0%,100%,0%,0%,0%,0%,0%,0%,0%,0%,100%,0%,0%,0%,0%,0%,0%,0%,0%,100%,0%,0%,0%,0%,0%,0%,0%,0%,,,,
h122,50% í orlofi út ágúst Hringja í hana,0,0,0,0,1,0,1,1,0,0,0,0,MV-KV-NV,25%,0%,0%,0%,0%,0%,25%,0%,0%,25%,0%,0%,0%,0%,0%,25%,0%,0%,25%,0%,0%,0%,0%,0%,25%,0%,0%,25%,0%,0%,0%,0%,0%,25%,0%,0%,25%,0%,0%,0%,0%,0%,25%,0%,0%,25%,0%,0%,0%,0%,0%,25%,0%,0%,35%,0%,0%,0%,0%,0%,35%,0%,0%,50%,0%,0%,0%,0%,0%,50%,0%,0%,50%,0%,0%,0%,0%,0%,25%,0%,0%,50%,0%,0%,0%,0%,0%,0%,0%,0%,50%,0%,0%,0%,0%,0%,0%,0%,0%,50%,0%,0%,0%,0%,0%,0%,0%,0%,Hækkar í 50% 25. júlí þegar fæðingarorlof klárast er þá í orlofi út ágúst og ætlum að heyrast faftur fyrir lok ágúst. Á tvo áfanga eftir til að útskrifast,,,
h123,100% (50%NV),0,1,1,1,1,1,1,1,1,0,1,0,MV-KV-NV,90%,0%,0%,0%,0%,0%,0%,0%,0%,100%,0%,0%,0%,0%,0%,0%,0%,0%,100%,0%,0%,0%,0%,0%,0%,0%,0%,100%,0%,0%,0%,0%,0%,0%,0%,0%,100%,0%,0%,0%,0%,0%,0%,0%,0%,100%,0%,0%,0%,0%,0%,0%,0%,0%,100%,0%,0%,0%,0%,0%,0%,0%,0%,100%,0%,0%,0%,0%,0%,0%,0%,0%,100%,0%,0%,0%,0%,0%,0%,0%,0%,100%,0%,0%,0%,0%,0%,0%,0%,0%,100%,0%,0%,0%,0%,0%,0%,0%,0%,100%,0%,0%,0%,0%,0%,0%,0%,0%,,,,
h124,90%,1,1,1,1,1,1,1,1,1,1,1,0,MV-KV-4,90%,0%,0%,0%,0%,0%,0%,0%,0%,90%,0%,0%,0%,0%,0%,0%,0%,0%,90%,0%,0%,0%,0%,0%,0%,0%,0%,90%,0%,0%,0%,0%,0%,0%,0%,0%,90%,0%,0%,0%,0%,0%,0%,0%,0%,90%,0%,0%,0%,0%,0%,0%,0%,0%,90%,0%,0%,0%,0%,0%,0%,0%,0%,90%,0%,0%,0%,0%,0%,0%,0%,0%,90%,0%,0%,0%,0%,0%,0%,0%,0%,90%,0%,0%,0%,0%,0%,0%,0%,0%,90%,0%,0%,0%,0%,0%,0%,0%,0%,90%,0%,0%,0%,0%,0%,0%,0%,0%,,,,
h125,80% (svæfingarnám 20% frá 24.08),0,0,0,1,1,0,1,1,0,0,1,0,MV-KV-NV,80%,0%,0%,0%,0%,0%,0%,0%,0%,80%,0%,0%,0%,0%,0%,0%,0%,0%,80%,0%,0%,0%,0%,0%,0%,0%,0%,80%,0%,0%,0%,0%,0%,0%,0%,0%,80%,0%,0%,0%,0%,0%,0%,0%,0%,80%,0%,0%,0%,0%,0%,0%,0%,0%,80%,0%,0%,0%,0%,0%,0%,0%,0%,50%,0%,0%,0%,0%,0%,0%,0%,0%,20%,0%,0%,0%,0%,0%,0%,0%,0%,20%,0%,0%,0%,0%,0%,0%,0%,0%,20%,0%,0%,0%,0%,0%,0%,0%,0%,20%,0%,0%,0%,0%,0%,0%,0%,0%,,,,
h126,70% ólétt sett í mars,0,0,0,0,0,0,0,0,1,1,1,0,MV-KV,70%,0%,0%,0%,0%,0%,0%,0%,0%,70%,0%,0%,0%,0%,0%,0%,0%,0%,70%,0%,0%,0%,0%,0%,0%,0%,0%,70%,0%,0%,0%,0%,0%,0%,0%,0%,70%,0%,0%,0%,0%,0%,0%,0%,0%,70%,0%,0%,0%,0%,0%,0%,0%,0%,70%,0%,0%,0%,0%,0%,0%,0%,0%,70%,0%,0%,0%,0%,0%,0%,0%,0%,70%,0%,0%,0%,0%,0%,0%,0%,0%,70%,0%,0%,0%,0%,0%,0%,0%,0%,70%,0%,0%,0%,0%,0%,0%,0%,0%,70%,0%,0%,0%,0%,0%,0%,0%,0%,,,,
h127,100%,0,0,0,1,1,0,1,1,0,0,1,0,MV-KV-NV,100%,0%,0%,0%,0%,0%,0%,0%,0%,100%,0%,0%,0%,0%,0%,0%,0%,0%,100%,0%,0%,0%,0%,0%,0%,0%,0%,100%,0%,0%,0%,0%,0%,0%,0%,0%,100%,0%,0%,0%,0%,0%,0%,0%,0%,100%,0%,0%,0%,0%,0%,0%,0%,0%,100%,0%,0%,0%,0%,0%,0%,0%,0%,100%,0%,0%,0%,0%,0%,0%,0%,0%,100%,0%,0%,0%,0%,0%,0%,0%,0%,100%,0%,0%,0%,0%,0%,0%,0%,0%,100%,0%,0%,0%,0%,0%,0%,0%,0%,100%,0%,0%,0%,0%,0%,0%,0%,0%,,,,
h128,60%,0,0,0,0,1,0,1,1,0,0,0,0,MV-KV-NV,0%,0%,0%,0%,0%,0%,0%,0%,0%,0%,0%,0%,0%,0%,0%,0%,0%,0%,0%,0%,0%,0%,0%,0%,0%,0%,0%,0%,0%,0%,0%,0%,0%,0%,0%,0%,0%,0%,0%,0%,0%,0%,0%,0%,0%,80%,0%,0%,0%,0%,0%,0%,0%,0%,80%,0%,0%,0%,0%,0%,0%,0%,0%,80%,0%,0%,0%,0%,0%,0%,0%,0%,70%,0%,0%,0%,0%,0%,0%,0%,0%,60%,0%,0%,0%,0%,0%,0%,0%,0%,60%,0%,0%,0%,0%,0%,0%,0%,0%,60%,0%,0%,0%,0%,0%,0%,0%,0%,,,,
h129,20%,0,0,0,0,1,0,1,1,0,0,0,0,MV-KV-NV,0%,0%,0%,0%,0%,0%,0%,0%,0%,0%,0%,0%,0%,0%,0%,0%,0%,0%,15%,0%,0%,0%,0%,0%,0%,0%,0%,30%,0%,0%,0%,0%,0%,0%,0%,0%,55%,0%,0%,0%,0%,0%,0%,0%,0%,80%,0%,0%,0%,0%,0%,0%,0%,0%,80%,0%,0%,0%,0%,0%,0%,0%,0%,20%,0%,0%,0%,0%,0%,0%,0%,0%,30%,0%,0%,0%,0%,0%,0%,0%,0%,20%,0%,0%,0%,0%,0%,0%,0%,0%,30%,0%,0%,0%,0%,0%,0%,0%,0%,20%,0%,0%,0%,0%,0%,0%,0%,0%,,,,
h130,100% (20% verkefni kennsla),1,1,1,1,1,1,1,1,1,1,1,0,MV-KV-NV,100%,30%,0%,0%,0%,0%,0%,0%,0%,100%,30%,0%,0%,0%,0%,0%,0%,0%,100%,30%,0%,0%,0%,0%,0%,0%,0%,100%,30%,0%,0%,0%,0%,0%,0%,0%,100%,30%,0%,0%,0%,0%,0%,0%,0%,100%,0%,0%,0%,0%,0%,0%,0%,0%,100%,0%,0%,0%,0%,0%,0%,0%,0%,100%,0%,0%,0%,0%,0%,0%,0%,0%,100%,20%,0%,0%,0%,0%,0%,0%,0%,100%,20%,0%,0%,0%,0%,0%,0%,0%,100%,20%,0%,0%,0%,0%,0%,0%,0%,100%,15%,0%,0%,0%,0%,0%,0%,0%,,,,
h131,30%,0,0,0,0,1,0,1,1,0,0,0,0,MV-KV-NV,0%,0%,0%,0%,0%,0%,0%,0%,0%,0%,0%,0%,0%,0%,0%,0%,0%,0%,0%,0%,0%,0%,0%,0%,0%,0%,0%,40%,0%,0%,0%,0%,0%,0%,0%,0%,60%,0%,0%,0%,0%,0%,0%,0%,0%,80%,0%,0%,0%,0%,0%,0%,0%,0%,80%,0%,0%,0%,0%,0%,0%,0%,0%,55%,0%,0%,0%,0%,0%,0%,0%,0%,30%,0%,0%,0%,0%,0%,0%,0%,0%,30%,0%,0%,0%,0%,0%,0%,0%,0%,30%,0%,0%,0%,0%,0%,0%,0%,0%,30%,0%,0%,0%,0%,0%,0%,0%,0%,,,,
h132,100%,0,0,0,0,1,0,1,1,0,0,1,0,MV-KV-NV,50%,0%,0%,0%,0%,0%,0%,0%,0%,50%,0%,0%,0%,0%,0%,0%,0%,0%,50%,0%,0%,0%,0%,0%,0%,0%,0%,50%,0%,0%,0%,0%,0%,0%,0%,0%,55%,0%,0%,0%,0%,0%,0%,0%,0%,100%,0%,0%,0%,0%,0%,0%,0%,0%,100%,0%,0%,0%,0%,0%,0%,0%,0%,100%,0%,0%,0%,0%,0%,0%,0%,0%,100%,0%,0%,0%,0%,0%,0%,0%,0%,100%,0%,0%,0%,0%,0%,0%,0%,0%,100%,0%,0%,0%,0%,0%,0%,0%,0%,100%,0%,0%,0%,0%,0%,0%,0%,0%,,,,
h133,80%,1,1,1,1,1,1,1,1,0,0,1,0,MV-KV-NV,80%,0%,0%,0%,0%,0%,0%,0%,0%,80%,0%,0%,0%,0%,0%,0%,0%,0%,80%,0%,0%,0%,0%,0%,0%,0%,0%,80%,0%,0%,0%,0%,0%,0%,0%,0%,80%,0%,0%,0%,0%,0%,0%,0%,0%,80%,0%,0%,0%,0%,0%,0%,0%,0%,80%,0%,0%,0%,0%,0%,0%,0%,0%,80%,0%,0%,0%,0%,0%,0%,0%,0%,80%,0%,0%,0%,0%,0%,0%,0%,0%,80%,0%,0%,0%,0%,0%,0%,0%,0%,80%,0%,0%,0%,0%,0%,0%,0%,0%,80%,0%,0%,0%,0%,0%,0%,0%,0%,,,,
h134,80%,0,0,1,1,1,1,1,1,0,0,1,0,MV-KV-NV,80%,0%,0%,0%,0%,0%,0%,0%,0%,80%,0%,0%,0%,0%,0%,0%,0%,0%,80%,0%,0%,0%,0%,0%,0%,0%,0%,80%,0%,0%,0%,0%,0%,0%,0%,0%,80%,0%,0%,0%,0%,0%,0%,0%,0%,80%,0%,0%,0%,0%,0%,0%,0%,0%,80%,0%,0%,0%,0%,0%,0%,0%,0%,80%,0%,0%,0%,0%,0%,0%,0%,0%,80%,0%,0%,0%,0%,0%,0%,0%,0%,80%,0%,0%,0%,0%,0%,50%,0%,0%,80%,0%,0%,0%,0%,0%,80%,0%,0%,80%,0%,0%,0%,0%,0%,80%,0%,0%,,,,
h135,80% FO 25.10-30.11 2026 og 01.02-31.08 2027,1,1,1,1,1,1,1,1,1,1,1,0,MV-KV-NV,80%,0%,0%,0%,0%,0%,0%,0%,80%,80%,0%,0%,0%,0%,0%,0%,0%,80%,80%,30%,0%,0%,0%,0%,0%,0%,40%,80%,30%,0%,0%,0%,0%,0%,0%,20%,80%,50%,0%,0%,0%,0%,0%,0%,0%,80%,50%,0%,0%,0%,0%,0%,0%,0%,80%,0%,0%,0%,0%,0%,0%,0%,0%,80%,20%,0%,0%,0%,0%,0%,0%,0%,80%,30%,0%,0%,0%,0%,0%,0%,0%,80%,30%,0%,0%,0%,0%,40%,0%,0%,80%,0%,0%,0%,0%,0%,80%,0%,0%,80%,0%,0%,0%,0%,0%,80%,0%,0%,,,,
h136,100% (50%NV),0,0,0,1,1,0,1,1,0,0,1,0,MV-KV-NV,100%,0%,0%,0%,0%,0%,0%,0%,0%,100%,0%,0%,0%,0%,0%,0%,0%,0%,100%,0%,0%,0%,0%,0%,0%,0%,0%,100%,0%,0%,0%,0%,0%,0%,0%,0%,100%,0%,0%,0%,0%,0%,0%,0%,0%,100%,0%,0%,0%,0%,0%,0%,0%,0%,100%,0%,0%,0%,0%,0%,0%,0%,0%,100%,0%,0%,0%,0%,0%,0%,0%,0%,100%,0%,0%,0%,0%,0%,0%,0%,0%,100%,0%,0%,0%,0%,0%,0%,0%,0%,100%,0%,0%,0%,0%,0%,0%,0%,0%,100%,0%,0%,0%,0%,0%,0%,0%,0%,,,,
h137,80% (Ólétt á að eiga í byrjun árs 27),0,0,0,0,1,0,1,1,0,0,1,0,MV-KV-NV,80%,0%,0%,0%,0%,0%,0%,0%,0%,80%,0%,0%,0%,0%,0%,0%,0%,0%,80%,0%,0%,0%,0%,0%,0%,0%,0%,80%,0%,0%,0%,0%,0%,0%,0%,0%,80%,0%,0%,0%,0%,0%,0%,0%,0%,80%,0%,0%,0%,0%,0%,0%,0%,0%,80%,0%,0%,0%,0%,0%,0%,0%,0%,80%,0%,0%,0%,0%,0%,0%,0%,0%,80%,0%,0%,0%,0%,0%,0%,0%,0%,80%,0%,0%,0%,0%,0%,50%,0%,0%,80%,0%,0%,0%,0%,0%,80%,0%,0%,80%,0%,0%,0%,0%,0%,80%,0%,0%,,,,
h138,100%,0,0,0,1,1,0,1,1,0,0,1,0,MV-KV-NV,100%,0%,0%,0%,0%,0%,0%,0%,0%,100%,0%,0%,0%,0%,0%,0%,0%,0%,100%,0%,0%,0%,0%,0%,0%,0%,0%,100%,0%,0%,0%,0%,0%,0%,0%,0%,100%,0%,0%,0%,0%,0%,0%,0%,0%,100%,0%,0%,0%,0%,0%,0%,0%,0%,100%,0%,0%,0%,0%,0%,0%,0%,0%,100%,0%,0%,0%,0%,0%,0%,0%,0%,100%,0%,0%,0%,0%,0%,0%,0%,0%,100%,0%,0%,0%,0%,0%,0%,0%,0%,100%,0%,0%,0%,0%,0%,0%,0%,0%,100%,0%,0%,0%,0%,0%,0%,0%,0%,,,,
h139,100% (Á að eiga 06.09.26),0,0,0,0,0,0,0,0,0,0,0,0,MV-KV-NV,100%,0%,0%,0%,0%,0%,0%,0%,0%,100%,0%,0%,0%,0%,0%,0%,0%,0%,100%,0%,0%,0%,0%,0%,0%,0%,0%,100%,0%,0%,0%,0%,0%,0%,0%,0%,100%,0%,0%,0%,0%,0%,0%,0%,0%,100%,0%,0%,0%,0%,0%,50%,0%,0%,100%,0%,0%,0%,0%,0%,100%,0%,0%,100%,0%,0%,0%,0%,0%,100%,0%,0%,100%,0%,0%,0%,0%,0%,100%,0%,0%,100%,0%,0%,0%,0%,0%,100%,0%,0%,100%,0%,0%,0%,0%,0%,100%,0%,0%,100%,0%,0%,0%,0%,0%,100%,0%,0%,,,,
h140,100% Fæðingarorlof 15.05-31.08 27),0,0,1,1,1,1,1,1,0,0,1,0,MV-KV-NV,100%,15%,0%,0%,0%,0%,0%,0%,0%,100%,15%,0%,0%,0%,0%,0%,0%,50%,100%,15%,0%,0%,0%,0%,0%,0%,0%,100%,15%,0%,0%,0%,0%,0%,0%,0%,100%,15%,0%,0%,0%,0%,0%,0%,0%,100%,0%,0%,0%,0%,0%,0%,0%,0%,100%,0%,0%,0%,0%,0%,70%,0%,0%,100%,0%,0%,0%,0%,0%,30%,0%,0%,100%,0%,0%,0%,0%,0%,0%,0%,0%,100%,0%,0%,0%,0%,0%,0%,0%,0%,100%,0%,0%,0%,0%,0%,0%,0%,0%,100%,0%,0%,0%,0%,0%,0%,0%,0%,,,,
h141,80% orlof út spet svo full vinna í 2 mán shá email,0,1,1,1,1,1,1,1,1,0,1,0,MV-KV,60%,0%,0%,0%,0%,0%,60%,0%,0%,60%,0%,0%,0%,0%,0%,60%,0%,0%,60%,0%,0%,0%,0%,0%,60%,0%,0%,60%,0%,0%,0%,0%,0%,60%,0%,0%,60%,0%,0%,0%,0%,0%,60%,0%,0%,60%,0%,0%,0%,0%,0%,60%,0%,0%,65%,0%,0%,0%,0%,0%,65%,0%,0%,80%,0%,0%,0%,0%,0%,80%,0%,0%,80%,0%,0%,0%,0%,0%,80%,0%,0%,80%,0%,0%,0%,0%,0%,0%,0%,0%,80%,0%,0%,0%,0%,0%,0%,0%,0%,40%,0%,0%,0%,0%,0%,0%,0%,0%,,,,
h142,70%,1,1,1,1,1,1,1,1,1,1,1,0,MV-KV,90%,0%,0%,0%,0%,0%,0%,0%,0%,90%,0%,0%,0%,0%,0%,0%,0%,0%,90%,0%,0%,0%,0%,0%,0%,0%,0%,90%,0%,0%,0%,0%,0%,0%,0%,0%,70%,0%,0%,0%,0%,0%,0%,0%,0%,70%,0%,0%,0%,0%,0%,0%,0%,0%,70%,0%,0%,0%,0%,0%,0%,0%,0%,70%,0%,0%,0%,15%,0%,0%,0%,0%,70%,0%,0%,0%,20%,0%,0%,0%,0%,70%,0%,0%,0%,20%,0%,0%,0%,0%,70%,0%,0%,0%,20%,0%,0%,0%,0%,70%,0%,0%,0%,20%,0%,0%,0%,0%,,,,
h143,80%,1,1,1,1,1,1,1,1,0,1,1,0,MV-KV,70%,0%,0%,0%,0%,0%,0%,0%,0%,70%,0%,0%,0%,0%,0%,0%,0%,0%,70%,0%,0%,0%,0%,0%,0%,0%,0%,70%,0%,0%,0%,0%,0%,0%,0%,0%,60%,0%,0%,0%,0%,0%,0%,0%,0%,60%,0%,0%,0%,0%,0%,0%,0%,0%,60%,0%,0%,0%,0%,0%,0%,0%,0%,60%,0%,0%,0%,0%,0%,0%,0%,0%,80%,0%,0%,0%,0%,0%,0%,0%,0%,80%,0%,0%,0%,0%,0%,0%,0%,0%,80%,0%,0%,0%,0%,0%,0%,0%,0%,80%,0%,0%,0%,0%,0%,0%,0%,0%,,,,
h144,100%,0,0,0,1,1,0,1,1,0,0,1,0,MV-KV-NV,100%,0%,0%,0%,0%,0%,0%,0%,0%,100%,0%,0%,0%,0%,0%,0%,0%,0%,100%,0%,0%,0%,0%,0%,0%,0%,0%,100%,0%,0%,0%,0%,0%,0%,0%,0%,100%,0%,0%,0%,0%,0%,0%,0%,0%,100%,0%,0%,0%,0%,0%,0%,0%,0%,100%,0%,0%,0%,0%,0%,0%,0%,0%,100%,0%,0%,0%,0%,0%,0%,0%,0%,100%,0%,0%,0%,0%,0%,0%,0%,0%,100%,0%,0%,0%,0%,0%,0%,0%,0%,100%,0%,0%,0%,0%,0%,0%,0%,0%,100%,0%,0%,0%,0%,0%,0%,0%,0%,,,,
h145,100% Starfslok 31.08.2026,0,0,0,0,0,0,0,0,0,0,1,0,MV-KV,100%,0%,0%,0%,0%,0%,0%,0%,0%,100%,0%,0%,0%,0%,0%,0%,0%,0%,100%,0%,0%,0%,0%,0%,0%,0%,0%,100%,0%,0%,0%,0%,0%,0%,0%,0%,100%,0%,0%,0%,0%,0%,0%,0%,0%,100%,0%,0%,0%,0%,0%,0%,0%,0%,100%,0%,0%,0%,0%,0%,0%,0%,0%,100%,0%,0%,0%,0%,0%,0%,0%,0%,0%,0%,0%,0%,0%,0%,0%,0%,0%,0%,0%,0%,0%,0%,0%,0%,0%,0%,0%,0%,0%,0%,0%,0%,0%,0%,0%,0%,0%,0%,0%,0%,0%,0%,0%,0%,,,,
h146,"49,9% endurmat 09/09 verður allavega mánuð lengur)",1,1,1,1,1,1,1,1,1,1,1,0,MV-KV,50%,0%,0%,0%,0%,0%,0%,0%,50%,0%,0%,0%,0%,0%,0%,0%,0%,0%,50%,0%,0%,0%,0%,0%,0%,0%,0%,50%,0%,0%,0%,0%,0%,0%,0%,0%,50%,0%,0%,0%,0%,0%,0%,0%,0%,50%,0%,0%,0%,0%,0%,0%,0%,0%,50%,0%,0%,0%,0%,0%,0%,0%,25%,50%,0%,0%,0%,0%,0%,0%,0%,50%,50%,0%,0%,0%,0%,0%,0%,0%,50%,50%,0%,0%,0%,0%,0%,0%,0%,50%,50%,0%,0%,0%,0%,0%,0%,0%,0%,50%,0%,0%,0%,0%,0%,0%,0%,0%,,,,
h147,100% (70% stjórnun),1,1,1,1,11,1,1,1,1,1,1,0,MV-KV-NV,100%,0%,0%,0%,0%,70%,0%,0%,0%,100%,0%,0%,0%,0%,70%,0%,0%,0%,100%,0%,0%,0%,0%,70%,0%,0%,0%,100%,0%,0%,0%,0%,70%,0%,0%,0%,100%,0%,0%,0%,0%,70%,0%,0%,0%,100%,0%,0%,0%,0%,70%,0%,0%,0%,100%,0%,0%,0%,0%,70%,0%,0%,0%,100%,0%,0%,0%,0%,70%,0%,0%,0%,100%,0%,0%,0%,0%,70%,0%,0%,0%,100%,0%,0%,0%,0%,70%,0%,0%,0%,100%,0%,0%,0%,0%,70%,0%,0%,0%,100%,0%,0%,0%,0%,70%,0%,0%,0%,,,,
h148,100% frá 1. okt 2026,0,0,0,0,1,0,1,1,0,0,0,0,MV-KV-NV,0%,0%,0%,0%,0%,0%,0%,0%,0%,0%,0%,0%,0%,0%,0%,0%,0%,0%,0%,0%,0%,0%,0%,0%,0%,0%,0%,0%,0%,0%,0%,0%,0%,0%,0%,0%,0%,0%,0%,0%,0%,0%,0%,0%,0%,0%,0%,0%,0%,0%,0%,0%,0%,0%,0%,0%,0%,0%,0%,0%,0%,0%,0%,0%,0%,0%,0%,0%,0%,0%,0%,0%,0%,0%,0%,0%,0%,0%,0%,0%,0%,100%,0%,0%,0%,0%,0%,0%,0%,0%,100%,0%,0%,0%,0%,0%,0%,0%,0%,100%,0%,0%,0%,0%,0%,0%,0%,0%,,,,
h149,66% fæðingarorlof til 3010.26,1,1,1,1,1,1,1,1,1,1,1,0,MV-KV-NV,66%,0%,0%,0%,0%,0%,66%,0%,0%,66%,0%,0%,0%,0%,0%,66%,0%,0%,66%,0%,0%,0%,0%,0%,66%,0%,0%,66%,0%,0%,0%,0%,0%,66%,0%,0%,66%,0%,0%,0%,0%,0%,66%,0%,0%,66%,0%,0%,0%,0%,0%,66%,0%,0%,66%,0%,0%,0%,0%,0%,66%,0%,0%,66%,0%,0%,0%,0%,0%,66%,0%,0%,66%,0%,0%,0%,0%,0%,66%,0%,0%,66%,0%,0%,0%,0%,0%,66%,0%,0%,80%,0%,0%,0%,0%,0%,80%,0%,0%,80%,0%,0%,0%,0%,0%,80%,0%,0%,,,,
h150,100%,0,0,1,1,1,0,1,1,0,0,1,0,MV-KV-NV,100%,0%,0%,0%,0%,0%,0%,0%,0%,100%,0%,0%,0%,0%,0%,0%,0%,0%,100%,0%,0%,0%,0%,0%,0%,0%,0%,100%,0%,0%,0%,0%,0%,0%,0%,0%,100%,0%,0%,0%,0%,0%,0%,0%,0%,100%,0%,0%,0%,0%,0%,0%,0%,0%,100%,0%,0%,0%,0%,0%,0%,0%,0%,100%,0%,0%,0%,0%,0%,0%,0%,0%,100%,0%,0%,0%,0%,0%,0%,0%,0%,100%,0%,0%,0%,0%,0%,0%,0%,0%,100%,0%,0%,0%,0%,0%,0%,0%,0%,100%,0%,0%,0%,0%,0%,0%,0%,0%,,,,
h151,100%,1,1,1,1,1,1,1,1,0,0,1,1,MV-KV-NV,100%,0%,0%,0%,0%,0%,0%,0%,0%,100%,0%,0%,0%,0%,0%,0%,0%,0%,100%,0%,0%,0%,0%,0%,0%,0%,0%,100%,0%,0%,0%,0%,0%,0%,0%,0%,100%,0%,0%,0%,0%,0%,0%,0%,0%,100%,0%,0%,0%,0%,0%,0%,0%,0%,100%,0%,0%,0%,0%,0%,0%,0%,0%,100%,0%,0%,0%,0%,0%,0%,0%,0%,100%,0%,0%,0%,0%,0%,0%,0%,0%,100%,0%,0%,0%,0%,0%,0%,0%,0%,100%,0%,0%,0%,0%,0%,0%,0%,0%,100%,0%,0%,0%,0%,0%,0%,0%,0%,,,,
h152,80% (30% BÖR),1,1,1,1,1,1,1,1,0,0,1,0,MV-KV-NV,100%,0%,30%,0%,0%,0%,0%,0%,0%,90%,0%,30%,0%,0%,0%,0%,0%,0%,80%,0%,30%,0%,0%,0%,0%,0%,0%,80%,0%,30%,0%,0%,0%,0%,0%,0%,80%,0%,30%,0%,0%,0%,0%,0%,0%,80%,0%,30%,0%,0%,0%,0%,0%,0%,80%,0%,30%,0%,0%,0%,0%,0%,0%,80%,0%,30%,0%,0%,0%,0%,0%,0%,80%,0%,30%,0%,0%,0%,0%,0%,0%,80%,0%,30%,0%,0%,0%,0%,0%,0%,80%,0%,30%,0%,0%,0%,0%,0%,0%,80%,0%,30%,0%,0%,0%,0%,0%,0%,,,,
h153,50%,1,1,1,1,1,1,1,1,1,1,1,0,MV-KV-NV,50%,0%,0%,0%,0%,0%,0%,0%,0%,50%,0%,0%,0%,0%,0%,0%,0%,0%,50%,0%,0%,0%,0%,0%,0%,0%,0%,50%,0%,0%,0%,0%,0%,0%,0%,0%,50%,0%,0%,0%,0%,0%,0%,0%,0%,50%,0%,0%,0%,0%,0%,0%,0%,0%,50%,0%,0%,0%,0%,0%,0%,0%,0%,50%,0%,0%,0%,0%,0%,0%,0%,0%,50%,0%,0%,0%,0%,0%,0%,0%,0%,50%,0%,0%,0%,0%,0%,0%,0%,0%,50%,0%,0%,0%,0%,0%,0%,0%,0%,50%,0%,0%,0%,0%,0%,0%,0%,0%,,,,
h154,60% (50%NV),0,1,1,1,1,1,1,1,1,1,1,0,MV-KV-NV,60%,0%,0%,0%,0%,0%,0%,0%,0%,60%,0%,0%,0%,0%,0%,0%,0%,0%,60%,0%,0%,0%,0%,0%,0%,0%,0%,60%,0%,0%,0%,0%,0%,0%,0%,30%,60%,0%,0%,0%,0%,0%,0%,0%,0%,60%,0%,0%,0%,0%,0%,0%,0%,0%,60%,0%,0%,0%,0%,0%,0%,0%,20%,60%,0%,0%,0%,0%,0%,0%,0%,40%,60%,0%,0%,0%,0%,0%,0%,0%,60%,60%,0%,0%,0%,0%,0%,0%,0%,30%,60%,0%,0%,0%,0%,0%,0%,0%,0%,60%,0%,0%,0%,0%,0%,0%,0%,0%,,,,
h155,40%,0,0,0,0,1,0,1,1,0,0,0,0,MV-KV-NV,0%,0%,0%,0%,0%,0%,0%,0%,0%,0%,0%,0%,0%,0%,0%,0%,0%,0%,0%,0%,0%,0%,0%,0%,0%,0%,0%,40%,0%,0%,0%,0%,0%,0%,0%,0%,60%,0%,0%,0%,0%,0%,0%,0%,0%,80%,0%,0%,0%,0%,0%,0%,0%,0%,80%,0%,0%,0%,0%,0%,0%,0%,0%,60%,0%,0%,0%,0%,0%,0%,0%,0%,40%,0%,0%,0%,0%,0%,0%,0%,0%,40%,0%,0%,0%,0%,0%,0%,0%,0%,40%,0%,0%,0%,0%,0%,0%,0%,0%,40%,0%,0%,0%,0%,0%,0%,0%,0%,Ekki KV á miðvikudögum,,,
h156,100%,0,1,1,1,1,1,1,1,0,0,1,0,MV-KV-NV,100%,0%,0%,0%,0%,0%,0%,0%,0%,100%,0%,0%,0%,0%,0%,0%,0%,0%,100%,0%,0%,0%,0%,0%,0%,0%,0%,100%,0%,0%,0%,0%,0%,0%,0%,0%,100%,0%,0%,0%,0%,0%,0%,0%,0%,100%,0%,0%,0%,0%,0%,0%,0%,0%,100%,0%,0%,0%,0%,0%,0%,0%,0%,100%,0%,0%,0%,0%,0%,0%,0%,0%,100%,0%,0%,0%,0%,0%,0%,0%,0%,100%,0%,0%,0%,0%,0%,0%,0%,0%,100%,0%,0%,0%,0%,0%,0%,0%,0%,100%,0%,0%,0%,0%,0%,0%,0%,0%,,,,
h157,80%,0,0,0,0,1,0,1,1,0,0,1,0,MV-KV-NV,30%,0%,0%,0%,0%,0%,0%,0%,0%,30%,0%,0%,0%,0%,0%,0%,0%,0%,30%,0%,0%,0%,0%,0%,0%,0%,0%,30%,0%,0%,0%,0%,0%,0%,0%,0%,30%,0%,0%,0%,0%,0%,0%,0%,0%,80%,0%,0%,0%,0%,0%,0%,0%,0%,80%,0%,0%,0%,0%,0%,0%,0%,0%,80%,0%,0%,0%,0%,0%,0%,0%,0%,100%,0%,0%,0%,0%,0%,0%,0%,0%,100%,0%,0%,0%,0%,0%,0%,0%,0%,100%,0%,0%,0%,0%,0%,0%,0%,0%,100%,0%,0%,0%,0%,0%,0%,0%,0%,,,,
h158,80%,0,1,1,1,1,1,1,1,0,1,1,0,MV-KV-NV,80%,0%,0%,0%,0%,0%,0%,0%,0%,80%,0%,0%,0%,0%,0%,0%,0%,0%,80%,0%,0%,0%,0%,0%,0%,0%,0%,80%,0%,0%,0%,0%,0%,0%,0%,0%,80%,0%,0%,0%,0%,0%,0%,0%,0%,80%,0%,0%,0%,0%,0%,0%,0%,0%,80%,0%,0%,0%,0%,0%,0%,0%,0%,80%,0%,0%,0%,0%,0%,0%,0%,0%,80%,0%,0%,0%,0%,0%,0%,0%,0%,80%,0%,0%,0%,0%,0%,0%,0%,0%,80%,0%,0%,0%,0%,0%,0%,0%,0%,80%,0%,0%,0%,0%,0%,0%,0%,0%,,,,
h159,30% frá 01.06.2026,1,1,1,1,1,1,1,1,1,1,1,0,MV-KV-NV,0%,0%,0%,0%,0%,0%,0%,0%,0%,0%,0%,0%,0%,0%,0%,0%,0%,0%,0%,0%,0%,0%,0%,0%,0%,0%,0%,0%,0%,0%,0%,0%,0%,0%,0%,0%,0%,0%,0%,0%,0%,0%,0%,0%,0%,30%,0%,0%,0%,0%,0%,0%,0%,0%,30%,0%,0%,0%,0%,0%,0%,0%,0%,30%,0%,0%,0%,0%,0%,0%,0%,0%,30%,0%,0%,0%,0%,0%,0%,0%,0%,30%,0%,0%,0%,0%,0%,0%,0%,0%,30%,0%,0%,0%,0%,0%,0%,0%,0%,30%,0%,0%,0%,0%,0%,0%,0%,0%,,,,
h160,100% (60%NV),1,1,1,1,1,1,1,1,0,0,1,0,MV-KV-NV,100%,0%,0%,0%,0%,0%,0%,0%,0%,100%,0%,0%,0%,0%,0%,0%,0%,0%,100%,0%,0%,0%,0%,0%,0%,0%,0%,100%,0%,0%,0%,0%,0%,0%,0%,0%,100%,0%,0%,0%,0%,0%,0%,0%,0%,100%,0%,0%,0%,0%,0%,0%,0%,0%,100%,0%,0%,0%,0%,0%,0%,0%,0%,100%,0%,0%,0%,0%,0%,0%,0%,0%,100%,0%,0%,0%,0%,0%,0%,0%,0%,100%,0%,0%,0%,0%,0%,0%,0%,0%,100%,0%,0%,0%,0%,0%,0%,0%,0%,100%,0%,0%,0%,0%,0%,0%,0%,0%,,,,
h161,80% (Fæðingarorlof til 09.06.27),0,1,1,1,1,1,1,1,1,1,1,0,MV-KV-NV,80%,0%,0%,0%,0%,0%,0%,0%,0%,80%,0%,0%,0%,0%,0%,0%,0%,0%,80%,0%,0%,0%,0%,0%,30%,0%,0%,80%,0%,0%,0%,0%,0%,50%,0%,0%,80%,0%,0%,0%,0%,0%,80%,0%,0%,80%,0%,0%,0%,0%,0%,80%,0%,0%,80%,0%,0%,0%,0%,0%,80%,0%,0%,80%,0%,0%,0%,0%,0%,80%,0%,0%,80%,0%,0%,0%,0%,0%,80%,0%,0%,80%,0%,0%,0%,0%,0%,80%,0%,0%,80%,0%,0%,0%,0%,0%,80%,0%,0%,80%,0%,0%,0%,0%,0%,80%,0%,0%,,,,
h162,100% (50%NV-20% verkefni) ,1,1,1,1,1,1,1,1,1,1,1,0,MV-KV-NV,95%,20%,0%,0%,0%,0%,0%,0%,0%,100%,20%,0%,0%,0%,0%,0%,0%,0%,100%,20%,0%,0%,0%,0%,0%,0%,0%,100%,0%,0%,0%,0%,0%,0%,0%,80%,100%,20%,0%,0%,0%,0%,0%,0%,0%,100%,0%,0%,0%,0%,0%,0%,0%,0%,100%,0%,0%,0%,0%,0%,0%,0%,0%,100%,10%,0%,0%,0%,0%,0%,0%,0%,100%,20%,0%,0%,0%,0%,0%,0%,0%,100%,20%,0%,0%,0%,0%,0%,0%,0%,100%,20%,0%,0%,0%,0%,0%,0%,0%,100%,10%,0%,0%,0%,0%,0%,0%,0%,,,,
h163,100% (30% verkefni),1,1,1,1,1,1,1,1,1,1,1,0,MV-KV-NV,100%,30%,0%,0%,0%,0%,0%,0%,0%,100%,30%,0%,0%,0%,0%,0%,0%,0%,100%,30%,0%,0%,0%,0%,0%,0%,0%,100%,30%,0%,0%,0%,0%,0%,0%,0%,100%,30%,0%,0%,0%,0%,0%,0%,0%,100%,10%,0%,0%,0%,0%,0%,0%,0%,100%,0%,0%,0%,0%,0%,0%,0%,0%,100%,10%,0%,0%,0%,0%,0%,0%,0%,100%,30%,0%,0%,0%,0%,0%,0%,0%,100%,30%,0%,0%,0%,0%,0%,0%,0%,100%,30%,0%,0%,0%,0%,0%,0%,0%,100%,10%,0%,0%,0%,0%,0%,0%,0%,,,,
h164,100%,1,1,1,1,1,1,1,1,0,0,1,0,MV-KV-NV,100%,0%,0%,0%,0%,0%,0%,0%,0%,100%,0%,0%,0%,0%,0%,0%,0%,0%,100%,0%,0%,0%,0%,0%,0%,0%,0%,100%,0%,0%,0%,0%,0%,0%,0%,0%,100%,0%,0%,0%,0%,0%,0%,0%,0%,100%,0%,0%,0%,0%,0%,0%,0%,0%,100%,0%,0%,0%,0%,0%,0%,0%,0%,100%,0%,0%,0%,0%,0%,0%,0%,0%,100%,0%,0%,0%,0%,0%,0%,0%,0%,100%,0%,0%,0%,0%,0%,0%,0%,0%,100%,0%,0%,0%,0%,0%,0%,0%,0%,100%,0%,0%,0%,0%,0%,0%,0%,0%,,,,
h165,100%,0,0,1,1,1,0,1,1,0,0,1,0,MV-KV-NV,100%,0%,0%,0%,0%,0%,0%,0%,0%,100%,0%,0%,0%,0%,0%,0%,0%,0%,100%,0%,0%,0%,0%,0%,0%,0%,0%,100%,0%,0%,0%,0%,0%,0%,0%,0%,100%,0%,0%,0%,0%,0%,0%,0%,0%,100%,0%,0%,0%,0%,0%,0%,0%,100%,100%,0%,0%,0%,0%,0%,0%,0%,60%,100%,0%,0%,0%,0%,0%,0%,0%,0%,100%,0%,0%,0%,0%,0%,0%,0%,0%,100%,0%,0%,0%,0%,0%,0%,0%,0%,100%,0%,0%,0%,0%,0%,0%,0%,0%,100%,0%,0%,0%,0%,0%,0%,0%,0%,,,,
h166,50% hættir 30.04.2026,0,0,0,0,0,0,0,0,0,0,0,0,MV-KV,50%,0%,0%,0%,0%,0%,0%,0%,0%,50%,0%,0%,0%,0%,0%,0%,0%,0%,50%,0%,0%,0%,0%,0%,0%,0%,0%,50%,0%,0%,0%,0%,0%,0%,0%,0%,0%,0%,0%,0%,0%,0%,0%,0%,0%,0%,0%,0%,0%,0%,0%,0%,0%,0%,0%,0%,0%,0%,0%,0%,0%,0%,0%,0%,0%,0%,0%,0%,0%,0%,0%,0%,0%,0%,0%,0%,0%,0%,0%,0%,0%,0%,0%,0%,0%,0%,0%,0%,0%,0%,0%,0%,0%,0%,0%,0%,0%,0%,0%,0%,0%,0%,0%,0%,0%,0%,0%,0%,Hættir vwgna Álags,,,
h167,100%,0,1,1,1,1,1,1,1,0,0,1,0,MV-KV-NV,100%,0%,0%,0%,0%,0%,0%,0%,0%,100%,0%,0%,0%,0%,0%,0%,0%,0%,100%,0%,0%,0%,0%,0%,0%,0%,0%,100%,0%,0%,0%,0%,0%,0%,0%,0%,100%,0%,0%,0%,0%,0%,0%,0%,0%,100%,0%,0%,0%,0%,0%,0%,0%,0%,100%,0%,0%,0%,0%,0%,0%,0%,0%,100%,0%,0%,0%,0%,0%,0%,0%,0%,100%,0%,0%,0%,0%,0%,0%,0%,0%,100%,0%,0%,0%,0%,0%,0%,0%,0%,100%,0%,0%,0%,0%,0%,0%,0%,0%,100%,0%,0%,0%,0%,0%,0%,0%,0%,,,,
h168,80% (30% BÖR),1,1,1,1,1,1,1,1,1,1,1,1,MV-KV,90%,0%,20%,0%,0%,0%,0%,0%,0%,80%,0%,30%,0%,0%,0%,0%,0%,0%,80%,0%,30%,0%,0%,0%,0%,0%,0%,80%,0%,30%,0%,0%,0%,0%,0%,0%,80%,0%,30%,0%,0%,0%,0%,0%,0%,80%,0%,30%,0%,0%,0%,0%,0%,0%,80%,0%,30%,0%,0%,0%,0%,0%,0%,80%,0%,30%,0%,0%,0%,0%,0%,0%,80%,0%,30%,0%,0%,0%,0%,0%,0%,80%,0%,30%,0%,0%,0%,0%,0%,0%,80%,0%,30%,0%,0%,0%,0%,0%,0%,80%,0%,30%,0%,0%,0%,0%,0%,0%,,,,
h169,100%,0,1,1,1,1,1,1,1,1,1,1,0,MV-KV-NV,100%,0%,0%,0%,0%,0%,0%,0%,0%,100%,0%,0%,0%,0%,0%,0%,0%,0%,100%,0%,0%,0%,0%,0%,0%,0%,0%,100%,0%,0%,0%,0%,0%,0%,0%,0%,100%,0%,0%,0%,0%,0%,0%,0%,0%,100%,0%,0%,0%,0%,0%,0%,0%,0%,100%,0%,0%,0%,0%,0%,0%,0%,0%,100%,0%,0%,0%,0%,0%,0%,0%,0%,100%,0%,0%,0%,0%,0%,0%,0%,0%,100%,0%,0%,0%,0%,0%,0%,0%,0%,100%,0%,0%,0%,0%,0%,0%,0%,0%,100%,0%,0%,0%,0%,0%,0%,0%,0%,,,,
h170,100% endurmat 15.09 veikindaréttur klárast 28.09.26,0,1,1,1,1,1,1,1,0,0,1,0,MV-KV-NV,100%,0%,0%,0%,0%,0%,0%,0%,0%,100%,0%,0%,0%,0%,0%,0%,0%,0%,100%,0%,0%,0%,0%,0%,0%,0%,0%,100%,0%,0%,0%,0%,0%,0%,0%,0%,100%,0%,0%,0%,0%,0%,0%,0%,80%,100%,0%,0%,0%,0%,0%,0%,0%,100%,100%,0%,0%,0%,0%,0%,0%,0%,0%,100%,0%,0%,0%,0%,0%,0%,0%,100%,100%,0%,0%,0%,0%,0%,0%,0%,100%,100%,0%,0%,0%,0%,0%,0%,0%,0%,100%,0%,0%,0%,0%,0%,0%,0%,0%,100%,0%,0%,0%,0%,0%,0%,0%,0%,,,,
,,,,,,,,,,,,,,,,,,,,,,,,,,,,,,,,,,,,,,,,,,,,,,,,,,,,,,,,,,,,,,,,,,,,,,,,,,,,,,,,,,,,,,,,,,,,,,,,,,,,,,,,,,,,,,,,,,,,,,,,,,,,,,
,Samtals stöðugildi,,,,,,,,,,,,,,114.7,2.9,1.0,,0.8,3.5,9.1,0.0,6.0,112.7,3.7,1.1,,0.8,3.5,8.8,0.0,6.5,115.2,3.0,1.1,,0.7,3.7,7.9,0.0,6.6,118.8,2.8,1.0,,0.4,3.7,8.4,0.0,5.7,119.3,3.2,1.0,,0.2,3.7,9.6,0.0,5.0,124.9,1.4,1.0,,0.0,3.7,9.9,0.0,8.1,124.7,0.8,1.0,0.0,0.0,3.7,11.7,0.8,7.0,122.6,1.3,0.9,,0.5,3.5,12.2,0.8,6.1,117.3,2.2,0.9,,0.8,3.9,10.6,0.0,5.8,116.8,2.2,0.9,,1.2,3.9,9.0,0.0,1.1,117.1,1.9,0.9,,1.4,3.9,10.8,0.0,0.0,117.0,1.4,0.9,,0.7,4.0,11.6,0.0,0.0,,,,
,,,,,,,,,,,,,,,,,,,,,,,,,,,,,,,,,,,,,,,,,,,,,,,,,,,,,,,,,,,,,,,,,,,,,,,,,,,,,,,,,,,,,,,,,,,,,,,,,,,,,,,,,,,,,,,,,,,,,,,,,,,,,,
,Samtals stöðugildi á gólfinu,,,,,,,,,,,,,,91.5,,,,,,,,,88.4,,,,,,,,,92.4,,,,,,,,,96.9,,,,,,,,,96.7,,,,,,,,,100.9,,,,,,,,,99.8,,,,,,,,,97.3,,,,,,,,,93.3,,,,,,,,,98.6,,,,,,,,,98.3,,,,,,,,,98.4,,,,,,,,,,,,
,,,,,,,,,,,,,,,,,,,,,,,,,,,,,,,,,,,,,,,,,,,,,,,,,,,,,,,,,,,,,,,,,,,,,,,,,,,,,,,,,,,,,,,,,,,,,,,,,,,,,,,,,,,,,,,,,,,,,,,,,,,,,,
,Samtals stöðugildi í veikindum,,,,,,,,,,,,,,6.0,,,,,,,,,6.5,,,,,,,,,6.6,,,,,,,,,5.7,,,,,,,,,5.0,,,,,,,,,8.1,,,,,,,,,7.0,,,,,,,,,6.1,,,,,,,,,5.8,,,,,,,,,1.1,,,,,,,,,0.0,,,,,,,,,0.0,,,,,,,,,,,,
,Fjöldi í veikindum,,,,,,,,,,,,,,11.0,,,,,,,,,10.0,,,,,,,,,11.0,,,,,,,,,11.0,,,,,,,,,11.0,,,,,,,,,14.0,,,,,,,,,14.0,,,,,,,,,11.0,,,,,,,,,9.0,,,,,,,,,3.0,,,,,,,,,0.0,,,,,,,,,0.0,,,,,,,,,,,,
,Samtals stöðugildi í fæðingarorlofi og tengdum veikindum,,,,,,,,,,,,,,9.1,,,,,,,,,8.8,,,,,,,,,7.9,,,,,,,,,8.4,,,,,,,,,9.6,,,,,,,,,9.9,,,,,,,,,11.7,,,,,,,,,12.2,,,,,,,,,10.6,,,,,,,,,9.0,,,,,,,,,10.8,,,,,,,,,11.6,,,,,,,,,,,,
,Fjöldi í fæðingarorlofi og tengdum veikindum,,,,,,,,,,,,,,16.0,,,,,,,,,15.0,,,,,,,,,16.0,,,,,,,,,16.0,,,,,,,,,16.0,,,,,,,,,17.0,,,,,,,,,18.0,,,,,,,,,19.0,,,,,,,,,15.0,,,,,,,,,14.0,,,,,,,,,15.0,,,,,,,,,16.0,,,,,,,,,,,,
,Stöðugildi í verkefnum,,,,,,,,,,,,,,2.9,,,,,,,,,3.7,,,,,,,,,3.0,,,,,,,,,2.8,,,,,,,,,3.2,,,,,,,,,1.4,,,,,,,,,0.8,,,,,,,,,1.3,,,,,,,,,2.2,,,,,,,,,2.2,,,,,,,,,1.9,,,,,,,,,1.4,,,,,,,,,,,,
,Stöðugildi í námsleyfi,,,,,,,,,,,,,,0.8,,,,,,,,,0.8,,,,,,,,,0.7,,,,,,,,,0.4,,,,,,,,,0.2,,,,,,,,,0.0,,,,,,,,,0.0,,,,,,,,,0.5,,,,,,,,,0.8,,,,,,,,,1.2,,,,,,,,,1.4,,,,,,,,,0.7,,,,,,,,,,,,
,,,,,,,,,,,,,,,,,,,,,,,,,,,,,,,,,,,,,,,,,,,,,,,,,,,,,,,,,,,,,,,,,,,,,,,,,,,,,,,,,,,,,,,,,,,,,,,,,,,,,,,,,,,,,,,,,,,,,,,,,,,,,,
,,,,,,,,,,,,,,,,,,,,,,,,,,,,,,,,,,,,,,,,,,,,,,,,,,,,,,,,,,,,,,,,,,,,,,,,,,,,,,,,,,,,,,,,,,,,,,,,,,,,,,,,,,,,,,,,,,,,,,,,,,,,,,
,,,,,,,,,,,,,,,,,,,,,,,,,,,,,,,,,,,,,,,,,,,,,,,,,,,,,,,,,,,,,,,,,,,,,,,,,,,,,,,,,,,,,,,,,,,,,,,,,,,,,,,,,,,,,,,,,,,,,,,,,,,,,,
,,,,,,,,,,,,,,,,,,,,,,,,,,,,,,,,,,,,,,,,,,,,,,,,,,,,,,,,,,,,,,,,,,,,,,,,,,,,,,,,,,,,,,,,,,,,,,,,,,,,,,,,,,,,,,,,,,,,,,,,,,,,,,
,,,,,,,,,,,,,,,,,,,,,,,,,,,,,,,,,,,,,,,,,,,,,,,,,,,,,,,,,,,,,,,,,,,,,,,,,,,,,,,,,,,,,,,,,,,,,,,,,,,,,,,,,,,,,,,,,,,,,,,,,,,,,,
,,,,,,,,,,,,,,,,,,,,,,,,,,,,,,,,,,,,,,,,,,,,,,,,,,,,,,,,,,,,,,,,,,,,,,,,,,,,,,,,,,,,,,,,,,,,,,,,,,,,,,,,,,,,,,,,,,,,,,,,,,,,,,
,,,,,,,,,,,,,,,,,,,,,,,,,,,,,,,,,,,,,,,,,,,,,,,,,,,,,,,,,,,,,,,,,,,,,,,,,,,,,,,,,,,,,,,,,,,,,,,,,,,,,,,,,,,,,,,,,,,,,,,,,,,,,,
,,,,,,,,,,,,,,,,,,,,,,,,,,,,,,,,,,,,,,,,,,,,,,,,,,,,,,,,,,,,,,,,,,,,,,,,,,,,,,,,,,,,,,,,,,,,,,,,,,,,,,,,,,,,,,,,,,,,,,,,,,,,,,
,,,,,,,,,,,,,,,,,,,,,,,,,,,,,,,,,,,,,,,,,,,,,,,,,,,,,,,,,,,,,,,,,,,,,,,,,,,,,,,,,,,,,,,,,,,,,,,,,,,,,,,,,,,,,,,,,,,,,,,,,,,,,,
,,,,,,,,,,,,,,,,,,,,,,,,,,,,,,,,,,,,,,,,,,fyrsta vakt 15. maí í 50 vinnu og 50 nprósent orlofi vinnur þannig fram að sumarfríi sem byrjar ,,,,,,,,,,29 júlí og verður í fríi í fjórar vikur og kemur þá aftur í 100 prósent vinnu til að prufa sér ti ,,,,,,,,,,framhalfið er svo óljóst með haustið við verðum í sambandi,,,,,,,,,,,,,,,,,,,,,,,,,,,,,,,,,,,,,,,,,,,,,,,,,,,,,,,,,,,,,,,,
