nurse_id,date,shift,role
h1,2026-11-01,MV,A1
h1,2026-11-02,KV,C
h1,2026-11-03,NV,A
h1,2026-11-04,NV,B
h1,2026-11-05,NV,A
h1,2026-11-09,NV,B
h1,2026-11-11,MV,D
h1,2026-11-12,KV,A1
h1,2026-11-16,MV,A1
h1,2026-11-17,NV,A1
h1,2026-11-19,KV,C
h1,2026-11-21,MV,C
h1,2026-11-22,MV,A1
h1,2026-11-23,MV,D
h1,2026-11-24,KV,A1
h1,2026-11-26,KV,A1
h1,2026-11-30,MV,A1
h10,2026-11-03,NV,T
h10,2026-11-13,KV,B1
h10,2026-11-14,KV,C
h10,2026-11-15,KV,T
h10,2026-11-17,MV,A1
h10,2026-11-30,NV,C
h101,2026-11-05,MV,A1
h101,2026-11-09,MV,A1
h101,2026-11-10,MV,H
h101,2026-11-12,NV,B
h101,2026-11-13,NV,D
h101,2026-11-14,NV,B
h101,2026-11-15,NV,A1
h101,2026-11-18,MV,C
h101,2026-11-19,KV,B1
h101,2026-11-24,KV,D
h101,2026-11-26,NV,A1
h102,2026-11-05,NV,T
h102,2026-11-13,NV,V
h102,2026-11-14,NV,T
h102,2026-11-15,NV,T
h102,2026-11-19,MV,C
h102,2026-11-25,MV,A1
h103,2026-11-01,KV,B
h103,2026-11-02,KV,H
h103,2026-11-05,KV,B
h103,2026-11-09,MV,B
h103,2026-11-10,MV,V
h103,2026-11-12,MV,A1
h103,2026-11-17,KV,C
h103,2026-11-21,MV,A1
h103,2026-11-22,MV,T
h103,2026-11-24,KV,V
h103,2026-11-30,MV,A1
h104,2026-11-14,MV,D
h104,2026-11-15,MV,A
h104,2026-11-16,KV,T
h104,2026-11-24,KV,B
h105,2026-11-02,MV,D1
h105,2026-11-06,NV,A1
h105,2026-11-07,NV,V
h105,2026-11-08,NV,V
h105,2026-11-10,KV,D
h105,2026-11-13,MV,C
h105,2026-11-18,NV,V
h105,2026-11-19,NV,A1
h105,2026-11-23,NV,V
h105,2026-11-25,KV,T
h105,2026-11-27,MV,A
h105,2026-11-28,MV,D1
h105,2026-11-29,MV,Dg
h106,2026-11-02,KV,T
h106,2026-11-11,MV,Dg
h106,2026-11-13,KV,A1
h106,2026-11-14,KV,A1
h106,2026-11-15,KV,B
h106,2026-11-19,KV,Dg
h106,2026-11-23,KV,H
h106,2026-11-25,MV,V
h106,2026-11-26,MV,V
h106,2026-11-27,MV,V
h106,2026-11-30,MV,T
h107,2026-11-02,NV,C
h107,2026-11-04,MV,A
h107,2026-11-05,MV,T
h107,2026-11-06,KV,A
h107,2026-11-07,KV,D
h107,2026-11-08,KV,B
h107,2026-11-09,NV,A1
h107,2026-11-11,NV,C
h107,2026-11-12,NV,D
h107,2026-11-16,MV,C
h107,2026-11-17,MV,B1
h107,2026-11-18,MV,B
h107,2026-11-19,MV,T
h107,2026-11-20,MV,T
h107,2026-11-23,KV,T
h107,2026-11-24,KV,B1
h107,2026-11-25,KV,A
h107,2026-11-26,KV,T
h107,2026-11-28,MV,B1
h107,2026-11-29,MV,A1
h107,2026-11-30,NV,D
h108,2026-11-01,NV,T
h108,2026-11-02,NV,V
h108,2026-11-03,NV,D
h108,2026-11-05,KV,A1
h108,2026-11-09,MV,V
h108,2026-11-11,NV,A
h108,2026-11-13,MV,H
h108,2026-11-16,NV,A1
h108,2026-11-17,NV,T
h108,2026-11-18,NV,T
h108,2026-11-20,KV,V
h108,2026-11-21,KV,B
h108,2026-11-22,KV,A1
h108,2026-11-24,MV,B
h108,2026-11-25,MV,C
h108,2026-11-27,MV,B
h108,2026-11-30,MV,B1
h109,2026-11-02,KV,B1
h109,2026-11-03,NV,C
h109,2026-11-04,NV,A
h109,2026-11-06,KV,A1
h109,2026-11-07,KV,T
h109,2026-11-08,KV,T
h109,2026-11-09,KV,C
h109,2026-11-12,MV,A
h109,2026-11-16,KV,T
h109,2026-11-17,NV,A
h109,2026-11-19,MV,B1
h109,2026-11-20,MV,D
h109,2026-11-23,MV,A1
h109,2026-11-25,NV,B
h109,2026-11-28,MV,T
h109,2026-11-29,MV,B1
h109,2026-11-30,KV,C
h11,2026-11-01,MV,B1
h11,2026-11-03,MV,T
h11,2026-11-04,KV,B1
h11,2026-11-05,NV,B
h11,2026-11-09,KV,B1
h11,2026-11-10,KV,D
h11,2026-11-11,NV,C
h11,2026-11-12,NV,A1
h11,2026-11-17,MV,H
h11,2026-11-18,MV,B
h11,2026-11-19,KV,D
h11,2026-11-20,KV,T
h11,2026-11-21,KV,A1
h11,2026-11-22,KV,D1
h11,2026-11-24,KV,B
h11,2026-11-25,NV,A
h11,2026-11-26,NV,A
h11,2026-11-30,MV,A
h110,2026-11-01,NV,V
h110,2026-11-04,KV,V
h110,2026-11-05,KV,A1
h110,2026-11-09,NV,A1
h110,2026-11-11,NV,A1
h110,2026-11-12,NV,D
h110,2026-11-16,MV,B
h110,2026-11-17,MV,B
h110,2026-11-19,MV,B
h110,2026-11-20,KV,H
h110,2026-11-21,KV,V
h110,2026-11-22,KV,B1
h110,2026-11-24,MV,B
h110,2026-11-25,MV,A1
h110,2026-11-26,MV,C
h110,2026-11-27,MV,H
h110,2026-11-30,NV,V
h111,2026-11-01,KV,B
h111,2026-11-11,KV,C
h111,2026-11-16,NV,B
h111,2026-11-21,MV,A
h111,2026-11-22,MV,B
h111,2026-11-23,NV,A
h112,2026-11-02,NV,D
h112,2026-11-03,NV,A
h112,2026-11-04,NV,A1
h112,2026-11-06,NV,V
h112,2026-11-07,NV,A1
h112,2026-11-08,NV,A1
h112,2026-11-09,NV,A1
h112,2026-11-11,NV,D
h112,2026-11-12,NV,B
h112,2026-11-16,NV,D
h112,2026-11-17,NV,A1
h112,2026-11-18,NV,V
h112,2026-11-19,NV,B
h112,2026-11-23,NV,T
h112,2026-11-24,NV,B
h112,2026-11-25,NV,A1
h112,2026-11-27,NV,T
h112,2026-11-28,NV,V
h112,2026-11-29,NV,D
h112,2026-11-30,NV,A
h113,2026-11-02,MV,A
h113,2026-11-03,MV,C
h113,2026-11-04,MV,A
h113,2026-11-05,MV,B1
h113,2026-11-06,MV,D
h113,2026-11-09,MV,B
h113,2026-11-10,MV,B
h113,2026-11-11,MV,B
h113,2026-11-13,NV,C
h113,2026-11-14,NV,B
h113,2026-11-15,NV,A
h113,2026-11-16,NV,A
h113,2026-11-18,KV,B
h113,2026-11-19,NV,D
h113,2026-11-23,KV,B1
h113,2026-11-24,KV,B1
h113,2026-11-25,KV,A
h113,2026-11-26,KV,B1
h113,2026-11-30,KV,C
h114,2026-11-02,KV,C
h114,2026-11-03,KV,C
h114,2026-11-06,NV,B
h114,2026-11-07,NV,B
h114,2026-11-08,NV,C
h114,2026-11-09,NV,A
h114,2026-11-17,KV,B1
h114,2026-11-18,KV,C
h114,2026-11-19,KV,B1
h114,2026-11-23,MV,A
h114,2026-11-24,MV,C
h114,2026-11-25,MV,B1
h114,2026-11-27,NV,B
h114,2026-11-28,NV,C
h114,2026-11-29,NV,C
h117,2026-11-02,MV,A
h117,2026-11-03,MV,C
h117,2026-11-04,MV,A
h117,2026-11-07,MV,B
h117,2026-11-08,MV,Dg
h117,2026-11-09,NV,C
h117,2026-11-11,NV,C
h117,2026-11-16,MV,A
h117,2026-11-17,KV,Dg
h117,2026-11-19,MV,A
h117,2026-11-23,NV,A
h117,2026-11-25,MV,B
h117,2026-11-26,KV,B
h117,2026-11-27,KV,B
h117,2026-11-28,KV,B
h117,2026-11-29,KV,Dg
h117,2026-11-30,NV,A
h118,2026-11-02,KV,B
h118,2026-11-03,KV,B
h118,2026-11-04,KV,D
h118,2026-11-05,KV,C
h118,2026-11-10,MV,D
h118,2026-11-11,MV,D
h118,2026-11-12,MV,A
h118,2026-11-13,NV,A1
h118,2026-11-14,NV,A1
h118,2026-11-15,NV,A1
h118,2026-11-17,NV,A
h118,2026-11-18,NV,D
h118,2026-11-23,MV,A
h118,2026-11-24,MV,A1
h118,2026-11-25,MV,D
h118,2026-11-26,KV,A1
h118,2026-11-30,NV,A
h12,2026-11-01,MV,A1
h12,2026-11-02,KV,H
h12,2026-11-03,NV,A1
h12,2026-11-04,NV,A
h12,2026-11-05,NV,A1
h12,2026-11-09,MV,A1
h12,2026-11-10,KV,D
h12,2026-11-11,NV,A1
h12,2026-11-12,NV,D
h12,2026-11-16,KV,B
h12,2026-11-17,NV,B
h12,2026-11-19,KV,C
h12,2026-11-20,KV,A1
h12,2026-11-21,KV,C
h12,2026-11-22,KV,A1
h12,2026-11-23,KV,A1
h12,2026-11-25,MV,H
h12,2026-11-26,MV,B
h12,2026-11-27,MV,B
h12,2026-11-30,NV,C
h120,2026-11-02,MV,D
h120,2026-11-03,MV,A1
h120,2026-11-04,MV,A1
h120,2026-11-06,KV,A
h120,2026-11-07,KV,C
h120,2026-11-08,KV,H
h120,2026-11-09,NV,D
h120,2026-11-11,MV,A1
h120,2026-11-12,MV,A1
h120,2026-11-13,MV,A1
h120,2026-11-16,NV,B
h120,2026-11-18,NV,A
h120,2026-11-19,NV,B
h120,2026-11-25,KV,A1
h120,2026-11-27,KV,C
h120,2026-11-28,KV,A1
h120,2026-11-29,KV,A1
h121,2026-11-02,MV,C
h121,2026-11-03,NV,D
h121,2026-11-04,NV,D
h121,2026-11-06,KV,C
h121,2026-11-07,KV,B
h121,2026-11-08,KV,B
h121,2026-11-09,KV,C
h121,2026-11-10,KV,C
h121,2026-11-11,NV,C
h121,2026-11-13,MV,A
h121,2026-11-16,MV,C
h121,2026-11-17,MV,A
h121,2026-11-18,MV,C
h121,2026-11-19,MV,B
h121,2026-11-23,KV,C
h121,2026-11-24,NV,D
h121,2026-11-25,NV,D
h121,2026-11-27,KV,D
h121,2026-11-28,KV,C
h121,2026-11-29,KV,A
h121,2026-11-30,NV,B
h122,2026-11-06,NV,C
h122,2026-11-07,NV,A
h122,2026-11-08,NV,B
h122,2026-11-12,MV,A
h122,2026-11-17,NV,B
h122,2026-11-19,KV,B
h122,2026-11-24,MV,B
h122,2026-11-25,KV,A
h122,2026-11-27,KV,A
h122,2026-11-28,KV,B
h122,2026-11-29,KV,A
h123,2026-11-03,MV,A
h123,2026-11-04,MV,A
h123,2026-11-05,MV,D1
h123,2026-11-06,NV,A1
h123,2026-11-07,NV,C
h123,2026-11-08,NV,A1
h123,2026-11-11,MV,D1
h123,2026-11-12,MV,D
h123,2026-11-13,MV,H
h123,2026-11-16,MV,H
h123,2026-11-17,KV,C
h123,2026-11-18,KV,A1
h123,2026-11-19,NV,C
h123,2026-11-23,MV,B
h123,2026-11-24,KV,A1
h123,2026-11-25,KV,A
h123,2026-11-26,NV,A1
h123,2026-11-28,MV,C
h123,2026-11-29,MV,D1
h123,2026-11-30,KV,C
h125,2026-11-05,MV,C
h125,2026-11-13,NV,A1
h125,2026-11-14,NV,A1
h125,2026-11-15,NV,B
h126,2026-11-03,MV,D1
h126,2026-11-04,MV,D1
h126,2026-11-05,MV,D
h126,2026-11-09,KV,D
h126,2026-11-11,KV,Dg
h126,2026-11-13,KV,D1
h126,2026-11-14,KV,D1
h126,2026-11-15,KV,D
h126,2026-11-16,KV,Dg
h126,2026-11-17,KV,Dg
h126,2026-11-19,MV,D1
h126,2026-11-20,MV,D1
h126,2026-11-26,MV,D1
h126,2026-11-27,MV,Dg
h126,2026-11-30,KV,Dg
h127,2026-11-02,KV,A1
h127,2026-11-03,KV,B
h127,2026-11-05,MV,B
h127,2026-11-06,MV,C
h127,2026-11-07,MV,A
h127,2026-11-08,MV,A1
h127,2026-11-09,MV,C
h127,2026-11-10,MV,D
h127,2026-11-12,NV,C
h127,2026-11-16,KV,A
h127,2026-11-17,KV,B
h127,2026-11-19,MV,A1
h127,2026-11-20,MV,B
h127,2026-11-23,NV,B
h127,2026-11-25,KV,A
h127,2026-11-26,KV,B
h127,2026-11-27,NV,A1
h127,2026-11-28,NV,A1
h127,2026-11-29,NV,B
h127,2026-11-30,NV,C
h128,2026-11-01,NV,C
h128,2026-11-02,NV,C
h128,2026-11-05,MV,B
h128,2026-11-06,MV,B
h128,2026-11-09,NV,A
h128,2026-11-16,MV,B
h128,2026-11-17,KV,B
h128,2026-11-20,KV,C
h128,2026-11-21,KV,A
h128,2026-11-22,KV,B
h128,2026-11-23,KV,B
h128,2026-11-27,MV,B
h128,2026-11-30,KV,B
h129,2026-11-01,NV,B
h129,2026-11-05,NV,C
h129,2026-11-10,KV,C
h129,2026-11-21,MV,B
h129,2026-11-22,MV,A
h129,2026-11-25,NV,B
h13,2026-11-01,NV,A1
h13,2026-11-02,NV,A1
h13,2026-11-04,NV,D
h13,2026-11-05,NV,A1
h13,2026-11-13,MV,Dg
h13,2026-11-16,NV,V
h13,2026-11-18,NV,A
h13,2026-11-20,KV,T
h13,2026-11-21,KV,A1
h13,2026-11-22,KV,V
h13,2026-11-24,MV,A1
h13,2026-11-25,KV,C
h13,2026-11-27,MV,A1
h130,2026-11-01,KV,Dg
h130,2026-11-02,KV,D
h130,2026-11-03,NV,V
h130,2026-11-06,MV,D
h130,2026-11-09,KV,H
h130,2026-11-10,KV,Dg
h130,2026-11-12,NV,D
h130,2026-11-17,MV,Dg
h130,2026-11-18,MV,D1
h130,2026-11-19,KV,C
h130,2026-11-20,NV,V
h130,2026-11-21,NV,V
h130,2026-11-22,NV,V
h130,2026-11-25,MV,T
h130,2026-11-26,MV,C
h130,2026-11-27,MV,T
h130,2026-11-30,MV,B
h131,2026-11-09,KV,A
h131,2026-11-13,NV,A
h131,2026-11-14,NV,B
h131,2026-11-15,NV,C
h131,2026-11-18,KV,C
h131,2026-11-26,MV,C
h132,2026-11-01,MV,B
h132,2026-11-02,MV,B
h132,2026-11-03,MV,A
h132,2026-11-04,MV,B
h132,2026-11-05,MV,A
h132,2026-11-06,MV,B
h132,2026-11-09,KV,A
h132,2026-11-10,NV,D
h132,2026-11-11,NV,A
h132,2026-11-12,NV,C
h132,2026-11-16,NV,B
h132,2026-11-17,NV,D
h132,2026-11-19,KV,D
h132,2026-11-20,KV,C
h132,2026-11-21,KV,B
h132,2026-11-22,KV,B
h132,2026-11-23,KV,A
h132,2026-11-24,NV,B
h132,2026-11-26,MV,A
h132,2026-11-27,MV,A
h132,2026-11-30,NV,C
h133,2026-11-02,KV,B
h133,2026-11-03,NV,D
h133,2026-11-04,NV,V
h133,2026-11-07,MV,T
h133,2026-11-08,MV,B
h133,2026-11-09,MV,A
h133,2026-11-10,KV,T
h133,2026-11-11,KV,V
h133,2026-11-12,KV,A1
h133,2026-11-16,KV,D
h133,2026-11-18,MV,B
h133,2026-11-19,NV,A1
h133,2026-11-24,NV,V
h133,2026-11-25,NV,A
h133,2026-11-28,MV,V
h133,2026-11-29,MV,B
h133,2026-11-30,NV,A
h136,2026-11-02,KV,B
h136,2026-11-03,KV,A
h136,2026-11-04,KV,B
h136,2026-11-06,MV,D
h136,2026-11-07,MV,B
h136,2026-11-08,MV,B
h136,2026-11-09,MV,B
h136,2026-11-11,MV,A1
h136,2026-11-12,MV,A
h136,2026-11-13,MV,B
h136,2026-11-16,MV,A
h136,2026-11-17,KV,C
h136,2026-11-18,NV,B
h136,2026-11-19,NV,A
h136,2026-11-23,NV,B
h136,2026-11-24,NV,A1
h136,2026-11-25,NV,C
h136,2026-11-27,KV,A1
h136,2026-11-28,KV,C
h136,2026-11-29,KV,A1
h136,2026-11-30,NV,D
h138,2026-11-02,NV,A1
h138,2026-11-03,NV,A1
h138,2026-11-04,NV,A1
h138,2026-11-06,KV,B
h138,2026-11-07,KV,B
h138,2026-11-08,KV,A
h138,2026-11-10,MV,A1
h138,2026-11-11,MV,B
h138,2026-11-12,MV,B
h138,2026-11-13,MV,A
h138,2026-11-16,MV,A1
h138,2026-11-17,KV,A1
h138,2026-11-18,NV,A1
h138,2026-11-19,NV,A
h138,2026-11-23,MV,B
h138,2026-11-25,MV,A1
h138,2026-11-26,MV,A1
h138,2026-11-27,KV,C
h138,2026-11-28,KV,A1
h138,2026-11-29,KV,B
h138,2026-11-30,NV,B
h140,2026-11-01,NV,A1
h140,2026-11-03,MV,A1
h140,2026-11-04,KV,C
h140,2026-11-05,NV,D
h140,2026-11-09,MV,A1
h140,2026-11-10,MV,H
h140,2026-11-11,MV,A
h140,2026-11-12,MV,B1
h140,2026-11-13,MV,A1
h140,2026-11-16,KV,B
h140,2026-11-18,KV,B
h140,2026-11-19,KV,B1
h140,2026-11-20,NV,A1
h140,2026-11-21,NV,C
h140,2026-11-22,NV,B
h140,2026-11-24,NV,C
h140,2026-11-25,NV,A1
h140,2026-11-26,NV,D
h140,2026-11-30,KV,D
h141,2026-11-02,MV,A1
h141,2026-11-04,KV,A1
h141,2026-11-05,KV,A1
h141,2026-11-06,KV,H
h141,2026-11-07,KV,D1
h141,2026-11-08,KV,D1
h141,2026-11-09,KV,T
h141,2026-11-11,KV,H
h141,2026-11-13,MV,T
h141,2026-11-17,MV,T
h141,2026-11-18,KV,D
h141,2026-11-19,KV,T
h141,2026-11-24,MV,T
h141,2026-11-25,MV,D
h141,2026-11-26,MV,D
h141,2026-11-28,MV,B
h141,2026-11-29,MV,B
h142,2026-11-01,KV,D
h142,2026-11-04,KV,B
h142,2026-11-05,KV,B1
h142,2026-11-09,MV,B
h142,2026-11-12,MV,V
h142,2026-11-19,MV,T
h142,2026-11-21,MV,V
h142,2026-11-22,MV,B1
h142,2026-11-24,MV,Dg
h142,2026-11-25,KV,D1
h142,2026-11-30,MV,C
h143,2026-11-01,KV,T
h143,2026-11-03,MV,Dg
h143,2026-11-04,KV,T
h143,2026-11-06,MV,B1
h143,2026-11-09,KV,D
h143,2026-11-11,MV,T
h143,2026-11-13,MV,A1
h143,2026-11-16,MV,V
h143,2026-11-17,KV,B
h143,2026-11-18,KV,T
h143,2026-11-19,KV,T
h143,2026-11-21,MV,A1
h143,2026-11-22,MV,T
h143,2026-11-23,MV,H
h143,2026-11-26,MV,Dg
h143,2026-11-27,MV,D
h143,2026-11-30,KV,B1
h144,2026-11-02,MV,A1
h144,2026-11-03,MV,B
h144,2026-11-04,KV,C
h144,2026-11-06,MV,D
h144,2026-11-07,MV,A1
h144,2026-11-08,MV,A1
h144,2026-11-09,MV,C
h144,2026-11-10,MV,A1
h144,2026-11-11,NV,A
h144,2026-11-13,MV,A1
h144,2026-11-16,KV,A
h144,2026-11-17,KV,A1
h144,2026-11-18,KV,D
h144,2026-11-19,KV,B
h144,2026-11-23,NV,A1
h144,2026-11-24,NV,C
h144,2026-11-25,NV,A
h144,2026-11-27,KV,A1
h144,2026-11-28,KV,A
h144,2026-11-29,KV,C
h144,2026-11-30,NV,A
h146,2026-11-02,MV,T
h146,2026-11-03,KV,A1
h146,2026-11-07,MV,B
h146,2026-11-08,MV,T
h146,2026-11-16,KV,A
h146,2026-11-18,MV,B1
h146,2026-11-24,KV,D1
h146,2026-11-25,KV,B
h146,2026-11-26,KV,V
h146,2026-11-28,MV,H
h146,2026-11-29,MV,C
h148,2026-11-02,MV,B
h148,2026-11-03,NV,A
h148,2026-11-05,KV,B
h148,2026-11-07,MV,A
h148,2026-11-08,MV,A
h148,2026-11-09,KV,B
h148,2026-11-10,KV,B
h148,2026-11-11,KV,B
h148,2026-11-12,KV,A
h148,2026-11-16,MV,B
h148,2026-11-17,MV,B
h148,2026-11-18,MV,B
h148,2026-11-19,MV,B
h148,2026-11-20,MV,C
h148,2026-11-23,NV,B
h148,2026-11-25,KV,B
h148,2026-11-26,KV,B
h148,2026-11-27,NV,C
h148,2026-11-28,NV,B
h148,2026-11-29,NV,A
h148,2026-11-30,NV,C
h15,2026-11-02,KV,T
h15,2026-11-03,KV,T
h15,2026-11-05,MV,Dg
h15,2026-11-06,MV,A
h15,2026-11-09,NV,A
h15,2026-11-11,KV,B1
h15,2026-11-12,KV,T
h15,2026-11-13,NV,T
h15,2026-11-14,NV,C
h15,2026-11-15,NV,B
h15,2026-11-18,MV,Dg
h15,2026-11-19,MV,H
h15,2026-11-20,MV,B1
h15,2026-11-23,KV,H
h15,2026-11-24,KV,B
h15,2026-11-25,NV,D
h15,2026-11-26,NV,A
h15,2026-11-30,MV,H
h150,2026-11-02,MV,H
h150,2026-11-03,MV,A1
h150,2026-11-04,MV,A1
h150,2026-11-05,MV,A1
h150,2026-11-06,MV,A1
h150,2026-11-10,MV,A
h150,2026-11-11,KV,B
h150,2026-11-12,KV,A1
h150,2026-11-13,KV,C
h150,2026-11-14,KV,B
h150,2026-11-15,KV,A1
h150,2026-11-17,NV,C
h150,2026-11-18,NV,C
h150,2026-11-19,NV,D
h150,2026-11-23,KV,B
h150,2026-11-24,KV,A1
h150,2026-11-25,NV,D
h150,2026-11-26,NV,A
h150,2026-11-30,NV,A
h151,2026-11-02,KV,V
h151,2026-11-03,KV,C
h151,2026-11-04,KV,A1
h151,2026-11-05,KV,T
h151,2026-11-07,MV,B
h151,2026-11-08,MV,T
h151,2026-11-09,MV,V
h151,2026-11-10,KV,A1
h151,2026-11-11,KV,D
h151,2026-11-12,NV,B
h151,2026-11-16,MV,D
h151,2026-11-17,MV,B1
h151,2026-11-18,MV,T
h151,2026-11-19,MV,V
h151,2026-11-20,MV,T
h151,2026-11-24,MV,V
h151,2026-11-25,KV,A
h151,2026-11-26,NV,V
h151,2026-11-27,NV,B
h151,2026-11-28,NV,T
h151,2026-11-29,NV,V
h152,2026-11-01,MV,A
h152,2026-11-02,MV,V
h152,2026-11-04,NV,C
h152,2026-11-09,KV,H
h152,2026-11-10,KV,T
h152,2026-11-11,NV,B
h152,2026-11-19,MV,T
h152,2026-11-21,MV,H
h152,2026-11-22,MV,V
h152,2026-11-23,NV,A1
h152,2026-11-30,KV,T
h153,2026-11-01,KV,A
h153,2026-11-02,NV,D
h153,2026-11-05,MV,A1
h153,2026-11-13,MV,Dg
h153,2026-11-16,NV,C
h153,2026-11-18,MV,C
h153,2026-11-19,KV,A
h153,2026-11-21,MV,B1
h153,2026-11-22,MV,D1
h153,2026-11-24,NV,B
h153,2026-11-30,KV,T
h154,2026-11-02,MV,A
h154,2026-11-05,KV,T
h154,2026-11-09,MV,D
h154,2026-11-10,NV,D
h154,2026-11-12,KV,B
h154,2026-11-13,NV,B
h154,2026-11-14,NV,D
h154,2026-11-15,NV,A1
h154,2026-11-17,KV,B
h154,2026-11-19,NV,C
h154,2026-11-24,MV,D
h154,2026-11-25,NV,T
h154,2026-11-27,MV,A1
h155,2026-11-01,KV,B
h155,2026-11-05,KV,B
h155,2026-11-09,MV,C
h155,2026-11-10,NV,C
h155,2026-11-16,KV,B
h155,2026-11-21,MV,A
h155,2026-11-22,MV,B
h155,2026-11-25,MV,B
h155,2026-11-26,NV,C
h156,2026-11-01,KV,T
h156,2026-11-02,KV,D
h156,2026-11-03,NV,A
h156,2026-11-05,MV,T
h156,2026-11-06,MV,C
h156,2026-11-09,MV,T
h156,2026-11-10,MV,T
h156,2026-11-11,MV,T
h156,2026-11-12,MV,T
h156,2026-11-13,MV,T
h156,2026-11-16,NV,A1
h156,2026-11-17,NV,A1
h156,2026-11-18,NV,C
h156,2026-11-20,KV,B1
h156,2026-11-21,KV,B1
h156,2026-11-22,KV,A1
h156,2026-11-23,KV,B
h156,2026-11-24,KV,T
h156,2026-11-25,NV,A1
h156,2026-11-27,MV,B
h156,2026-11-30,NV,A
h157,2026-11-01,MV,C
h157,2026-11-02,MV,A
h157,2026-11-03,MV,B
h157,2026-11-04,MV,B
h157,2026-11-05,MV,B
h157,2026-11-06,MV,A
h157,2026-11-09,KV,A
h157,2026-11-10,KV,B
h157,2026-11-11,NV,D
h157,2026-11-12,NV,C
h157,2026-11-16,MV,C
h157,2026-11-17,MV,D
h157,2026-11-18,KV,B
h157,2026-11-20,NV,D
h157,2026-11-21,NV,B
h157,2026-11-22,NV,D
h157,2026-11-23,NV,C
h157,2026-11-25,KV,A
h157,2026-11-26,KV,C
h157,2026-11-30,KV,B
h158,2026-11-01,NV,A1
h158,2026-11-02,NV,A1
h158,2026-11-04,NV,A
h158,2026-11-05,NV,A
h158,2026-11-09,MV,A1
h158,2026-11-10,MV,T
h158,2026-11-13,MV,A1
h158,2026-11-16,KV,B
h158,2026-11-17,KV,T
h158,2026-11-19,MV,Dg
h158,2026-11-20,KV,A
h158,2026-11-21,KV,T
h158,2026-11-22,KV,T
h158,2026-11-24,NV,A1
h158,2026-11-25,NV,B
h158,2026-11-26,NV,A
h158,2026-11-30,NV,D
h159,2026-11-06,NV,C
h159,2026-11-07,NV,T
h159,2026-11-08,NV,B
h159,2026-11-11,MV,D1
h159,2026-11-28,MV,A
h159,2026-11-29,MV,B
h16,2026-11-02,MV,A
h16,2026-11-07,MV,T
h16,2026-11-08,MV,A1
h16,2026-11-10,KV,D
h16,2026-11-12,MV,Dg
h16,2026-11-13,MV,B1
h16,2026-11-16,KV,D
h16,2026-11-23,MV,B1
h16,2026-11-26,KV,T
h16,2026-11-27,KV,B
h16,2026-11-28,KV,V
h16,2026-11-29,KV,T
h16,2026-11-30,KV,H
h160,2026-11-01,MV,T
h160,2026-11-02,MV,C
h160,2026-11-03,MV,D
h160,2026-11-04,MV,V
h160,2026-11-05,MV,H
h160,2026-11-06,MV,V
h160,2026-11-09,KV,V
h160,2026-11-10,NV,A1
h160,2026-11-11,NV,V
h160,2026-11-12,NV,V
h160,2026-11-16,KV,B1
h160,2026-11-17,KV,V
h160,2026-11-18,KV,A1
h160,2026-11-19,KV,C
h160,2026-11-21,MV,T
h160,2026-11-22,MV,H
h160,2026-11-23,NV,B
h160,2026-11-24,NV,T
h160,2026-11-25,NV,V
h160,2026-11-26,NV,D
h160,2026-11-30,KV,D
h162,2026-11-02,KV,A
h162,2026-11-04,NV,A1
h162,2026-11-06,MV,H
h162,2026-11-07,MV,V
h162,2026-11-08,MV,C
h162,2026-11-10,NV,B
h162,2026-11-11,NV,D
h162,2026-11-12,NV,D
h162,2026-11-16,KV,V
h162,2026-11-17,KV,A1
h162,2026-11-18,KV,A
h162,2026-11-19,NV,T
h162,2026-11-23,MV,C
h162,2026-11-24,NV,B
h162,2026-11-26,KV,H
h162,2026-11-28,MV,B
h162,2026-11-29,MV,V
h163,2026-11-01,NV,B
h163,2026-11-03,NV,A1
h163,2026-11-05,MV,A
h163,2026-11-06,MV,T
h163,2026-11-09,KV,D1
h163,2026-11-11,KV,T
h163,2026-11-12,KV,B1
h163,2026-11-16,NV,B
h163,2026-11-19,MV,A1
h163,2026-11-20,NV,A1
h163,2026-11-21,NV,A1
h163,2026-11-22,NV,A1
h163,2026-11-24,KV,D1
h163,2026-11-26,KV,D1
h163,2026-11-30,NV,C
h164,2026-11-01,KV,A1
h164,2026-11-02,KV,B
h164,2026-11-03,NV,A
h164,2026-11-05,MV,V
h164,2026-11-06,MV,C
h164,2026-11-09,KV,C
h164,2026-11-11,MV,V
h164,2026-11-12,MV,V
h164,2026-11-13,MV,V
h164,2026-11-16,MV,V
h164,2026-11-17,MV,D
h164,2026-11-18,MV,V
h164,2026-11-20,NV,B
h164,2026-11-21,NV,T
h164,2026-11-22,NV,T
h164,2026-11-24,KV,H
h164,2026-11-25,KV,V
h164,2026-11-26,KV,A
h164,2026-11-30,NV,B
h165,2026-11-01,MV,D
h165,2026-11-02,MV,A1
h165,2026-11-03,MV,A
h165,2026-11-04,MV,H
h165,2026-11-05,MV,A1
h165,2026-11-06,MV,H
h165,2026-11-09,KV,A1
h165,2026-11-10,KV,B
h165,2026-11-11,NV,B
h165,2026-11-12,NV,A
h165,2026-11-16,MV,C
h165,2026-11-17,MV,C
h165,2026-11-18,KV,B
h165,2026-11-19,NV,B
h165,2026-11-21,MV,B
h165,2026-11-22,MV,A1
h165,2026-11-23,KV,A1
h165,2026-11-24,NV,B
h165,2026-11-25,NV,A
h165,2026-11-26,NV,B
h165,2026-11-30,KV,A1
h167,2026-11-02,NV,A
h167,2026-11-03,NV,A1
h167,2026-11-04,NV,A1
h167,2026-11-06,NV,D
h167,2026-11-07,NV,C
h167,2026-11-08,NV,A1
h167,2026-11-10,KV,B
h167,2026-11-11,NV,A1
h167,2026-11-13,MV,A
h167,2026-11-16,MV,A1
h167,2026-11-17,MV,B
h167,2026-11-18,MV,T
h167,2026-11-19,MV,C
h167,2026-11-20,MV,A
h167,2026-11-23,KV,C
h167,2026-11-24,KV,B1
h167,2026-11-26,MV,T
h167,2026-11-27,KV,T
h167,2026-11-28,KV,A
h167,2026-11-29,KV,A1
h167,2026-11-30,NV,T
h168,2026-11-01,KV,B1
h168,2026-11-09,MV,T
h168,2026-11-12,KV,B1
h168,2026-11-17,MV,D
h168,2026-11-20,KV,Dg
h168,2026-11-21,KV,H
h168,2026-11-22,KV,H
h168,2026-11-24,MV,A1
h168,2026-11-26,MV,A1
h168,2026-11-27,MV,A1
h168,2026-11-30,MV,D1
h169,2026-11-01,KV,B
h169,2026-11-02,NV,A
h169,2026-11-03,NV,A
h169,2026-11-04,NV,A1
h169,2026-11-09,MV,D1
h169,2026-11-10,MV,D1
h169,2026-11-11,MV,C
h169,2026-11-12,MV,D
h169,2026-11-13,MV,D
h169,2026-11-16,KV,A1
h169,2026-11-17,KV,T
h169,2026-11-18,KV,D1
h169,2026-11-20,KV,A1
h169,2026-11-21,KV,D1
h169,2026-11-22,KV,D
h169,2026-11-23,NV,A1
h169,2026-11-24,NV,A
h169,2026-11-25,NV,A
h169,2026-11-30,MV,B
h170,2026-11-02,MV,A
h170,2026-11-03,KV,D
h170,2026-11-04,KV,D
h170,2026-11-05,KV,A
h170,2026-11-07,MV,A1
h170,2026-11-08,MV,B1
h170,2026-11-09,KV,A1
h170,2026-11-10,KV,T
h170,2026-11-11,KV,A1
h170,2026-11-13,MV,A
h170,2026-11-16,MV,B1
h170,2026-11-17,MV,B
h170,2026-11-18,MV,A1
h170,2026-11-20,MV,C
h170,2026-11-23,KV,B1
h170,2026-11-24,NV,A1
h170,2026-11-25,NV,C
h170,2026-11-27,NV,B
h170,2026-11-28,NV,C
h170,2026-11-29,NV,A1
h170,2026-11-30,NV,T
h18,2026-11-01,KV,H
h18,2026-11-02,KV,A1
h18,2026-11-03,NV,V
h18,2026-11-04,NV,V
h18,2026-11-05,NV,C
h18,2026-11-09,MV,D1
h18,2026-11-10,NV,V
h18,2026-11-12,MV,T
h18,2026-11-13,MV,A1
h18,2026-11-16,MV,T
h18,2026-11-17,MV,V
h18,2026-11-19,MV,V
h18,2026-11-20,KV,B
h18,2026-11-21,KV,A1
h18,2026-11-22,KV,B
h18,2026-11-23,KV,Dg
h18,2026-11-24,KV,H
h18,2026-11-26,MV,T
h18,2026-11-27,MV,V
h18,2026-11-30,NV,V
h19,2026-11-02,NV,V
h19,2026-11-03,NV,V
h19,2026-11-04,NV,A
h19,2026-11-05,NV,V
h19,2026-11-09,NV,V
h19,2026-11-11,NV,D
h19,2026-11-13,KV,A1
h19,2026-11-14,KV,T
h19,2026-11-15,KV,A1
h19,2026-11-16,KV,B
h19,2026-11-18,KV,Dg
h19,2026-11-20,MV,B1
h19,2026-11-23,MV,H
h19,2026-11-24,MV,B1
h19,2026-11-25,MV,B
h19,2026-11-26,MV,H
h19,2026-11-30,KV,A1
h2,2026-11-01,MV,B
h2,2026-11-02,NV,C
h2,2026-11-04,NV,B
h2,2026-11-06,MV,B
h2,2026-11-10,MV,B
h2,2026-11-12,KV,B
h2,2026-11-18,MV,C
h2,2026-11-21,MV,B
h2,2026-11-22,MV,B
h2,2026-11-23,KV,C
h2,2026-11-24,KV,B
h2,2026-11-26,KV,B
h2,2026-11-30,NV,C
h20,2026-11-02,MV,A
h20,2026-11-03,MV,B
h20,2026-11-04,MV,B
h20,2026-11-06,NV,T
h20,2026-11-07,NV,B
h20,2026-11-08,NV,B
h20,2026-11-10,NV,T
h20,2026-11-11,NV,A
h20,2026-11-12,NV,A
h20,2026-11-16,MV,D
h20,2026-11-17,MV,C
h20,2026-11-18,MV,A
h20,2026-11-19,MV,A
h20,2026-11-20,MV,D
h20,2026-11-23,MV,T
h20,2026-11-24,KV,C
h20,2026-11-25,KV,T
h20,2026-11-27,KV,B
h20,2026-11-28,KV,T
h20,2026-11-29,KV,D
h20,2026-11-30,KV,A
h22,2026-11-05,KV,B
h22,2026-11-10,MV,C
h22,2026-11-11,MV,B
h22,2026-11-13,KV,A
h22,2026-11-14,KV,B
h22,2026-11-15,KV,C
h23,2026-11-03,MV,A
h23,2026-11-04,NV,D
h23,2026-11-09,NV,B
h23,2026-11-11,MV,B
h23,2026-11-12,MV,C
h23,2026-11-13,KV,B
h23,2026-11-14,KV,C
h23,2026-11-15,KV,B
h23,2026-11-19,MV,A
h23,2026-11-23,KV,C
h23,2026-11-26,KV,B
h24,2026-11-01,NV,D
h24,2026-11-04,MV,T
h24,2026-11-05,MV,B
h24,2026-11-06,MV,D
h24,2026-11-11,KV,D
h24,2026-11-12,KV,T
h24,2026-11-16,NV,A1
h24,2026-11-18,KV,D
h24,2026-11-20,KV,A1
h24,2026-11-21,KV,T
h24,2026-11-22,KV,T
h24,2026-11-23,KV,B
h24,2026-11-25,MV,A
h24,2026-11-26,KV,A1
h24,2026-11-30,NV,A1
h25,2026-11-02,MV,A
h25,2026-11-03,MV,V
h25,2026-11-04,MV,B
h25,2026-11-06,KV,A1
h25,2026-11-07,KV,A1
h25,2026-11-08,KV,T
h25,2026-11-09,NV,T
h25,2026-11-12,KV,C
h25,2026-11-16,MV,V
h25,2026-11-17,NV,A1
h25,2026-11-18,NV,A
h25,2026-11-19,NV,D
h25,2026-11-23,KV,V
h25,2026-11-24,KV,A
h25,2026-11-25,KV,D
h25,2026-11-26,NV,T
h25,2026-11-28,MV,B
h25,2026-11-29,MV,T
h25,2026-11-30,KV,A
h26,2026-11-03,KV,T
h26,2026-11-04,KV,D1
h26,2026-11-05,KV,D1
h26,2026-11-06,KV,B1
h26,2026-11-07,KV,B1
h26,2026-11-08,KV,B1
h26,2026-11-10,KV,D1
h26,2026-11-11,KV,T
h26,2026-11-16,KV,H
h26,2026-11-17,KV,D1
h26,2026-11-19,KV,Dg
h26,2026-11-23,KV,T
h26,2026-11-24,KV,D1
h26,2026-11-25,KV,B1
h26,2026-11-27,KV,D1
h26,2026-11-28,KV,Dg
h26,2026-11-29,KV,B1
h27,2026-11-01,KV,A
h27,2026-11-02,KV,C
h27,2026-11-06,MV,D
h27,2026-11-09,KV,B
h27,2026-11-10,KV,B
h27,2026-11-12,MV,C
h27,2026-11-13,MV,B
h27,2026-11-18,MV,B
h27,2026-11-19,KV,B
h27,2026-11-20,KV,D
h27,2026-11-21,KV,D
h27,2026-11-22,KV,B
h27,2026-11-24,MV,B
h27,2026-11-25,MV,A
h27,2026-11-26,MV,C
h27,2026-11-27,MV,A
h27,2026-11-30,KV,D
h28,2026-11-01,NV,A
h28,2026-11-03,KV,B
h28,2026-11-04,KV,A
h28,2026-11-09,MV,B
h28,2026-11-10,KV,B
h28,2026-11-11,KV,A1
h28,2026-11-13,MV,B
h28,2026-11-16,KV,A1
h28,2026-11-18,MV,D
h28,2026-11-19,MV,D
h28,2026-11-20,NV,A1
h28,2026-11-21,NV,B
h28,2026-11-22,NV,A1
h28,2026-11-24,NV,D
h28,2026-11-25,NV,A
h28,2026-11-26,NV,D
h28,2026-11-30,MV,A1
h29,2026-11-03,MV,A
h29,2026-11-13,KV,C
h29,2026-11-14,KV,Dg
h29,2026-11-15,KV,Dg
h29,2026-11-24,MV,C
h3,2026-11-01,MV,B
h3,2026-11-02,NV,B
h3,2026-11-03,NV,A
h3,2026-11-04,NV,C
h3,2026-11-05,NV,C
h3,2026-11-09,KV,B
h3,2026-11-10,KV,C
h3,2026-11-12,MV,B
h3,2026-11-13,MV,C
h3,2026-11-16,MV,A
h3,2026-11-17,KV,C
h3,2026-11-18,NV,B
h3,2026-11-20,KV,A
h3,2026-11-21,KV,A
h3,2026-11-22,KV,A
h3,2026-11-23,NV,C
h3,2026-11-25,MV,B
h3,2026-11-26,MV,B
h3,2026-11-27,MV,C
h3,2026-11-30,NV,A
h30,2026-11-02,MV,D
h30,2026-11-03,MV,B
h30,2026-11-04,KV,B
h30,2026-11-06,KV,B
h30,2026-11-07,KV,B
h30,2026-11-08,KV,A
h30,2026-11-10,KV,C
h30,2026-11-11,KV,D
h30,2026-11-12,KV,A
h30,2026-11-16,MV,C
h30,2026-11-17,MV,D
h30,2026-11-18,MV,B
h30,2026-11-19,MV,B
h30,2026-11-20,MV,B
h30,2026-11-23,NV,D
h30,2026-11-24,NV,A
h30,2026-11-26,KV,B
h30,2026-11-27,NV,D
h30,2026-11-28,NV,D
h30,2026-11-29,NV,B
h30,2026-11-30,NV,C
h31,2026-11-01,MV,A1
h31,2026-11-02,MV,Dg
h31,2026-11-03,MV,C
h31,2026-11-04,MV,C
h31,2026-11-05,MV,C
h31,2026-11-06,MV,Dg
h31,2026-11-09,MV,D
h31,2026-11-10,KV,A
h31,2026-11-11,KV,A1
h31,2026-11-12,KV,B
h31,2026-11-16,MV,Dg
h31,2026-11-17,MV,C
h31,2026-11-18,MV,D
h31,2026-11-19,KV,A1
h31,2026-11-21,MV,Dg
h31,2026-11-22,MV,B
h31,2026-11-23,KV,A1
h31,2026-11-24,KV,A
h31,2026-11-25,KV,Dg
h31,2026-11-26,KV,A1
h31,2026-11-30,KV,B
h32,2026-11-01,MV,H
h32,2026-11-02,MV,C
h32,2026-11-03,MV,B
h32,2026-11-04,MV,A1
h32,2026-11-05,MV,A1
h32,2026-11-06,MV,A1
h32,2026-11-09,KV,Dg
h32,2026-11-10,KV,Dg
h32,2026-11-12,MV,B
h32,2026-11-13,MV,B
h32,2026-11-16,MV,Dg
h32,2026-11-17,KV,D
h32,2026-11-19,NV,A
h32,2026-11-20,NV,A
h32,2026-11-21,NV,A1
h32,2026-11-22,NV,A1
h32,2026-11-24,KV,H
h32,2026-11-25,NV,B
h32,2026-11-26,NV,C
h32,2026-11-30,NV,B
h33,2026-11-01,KV,D1
h33,2026-11-02,KV,D
h33,2026-11-03,KV,D1
h33,2026-11-04,KV,T
h33,2026-11-05,KV,D
h33,2026-11-11,KV,Dg
h33,2026-11-12,KV,D
h33,2026-11-19,KV,D1
h33,2026-11-20,KV,D1
h33,2026-11-21,KV,Dg
h33,2026-11-22,KV,Dg
h33,2026-11-24,KV,T
h33,2026-11-25,KV,D1
h34,2026-11-02,KV,A
h34,2026-11-03,NV,A
h34,2026-11-06,MV,A
h34,2026-11-09,NV,D
h34,2026-11-11,NV,B
h34,2026-11-13,KV,A
h34,2026-11-14,KV,A
h34,2026-11-15,KV,B
h34,2026-11-17,NV,A
h34,2026-11-20,MV,B
h34,2026-11-23,MV,A
h34,2026-11-25,KV,B
h34,2026-11-26,KV,D
h36,2026-11-04,MV,H
h36,2026-11-05,NV,B
h36,2026-11-13,KV,T
h36,2026-11-14,KV,A1
h36,2026-11-15,KV,A1
h36,2026-11-19,KV,B
h37,2026-11-02,MV,B1
h37,2026-11-03,MV,C
h37,2026-11-05,NV,A1
h37,2026-11-06,NV,A
h37,2026-11-07,NV,B
h37,2026-11-08,NV,D
h37,2026-11-10,KV,C
h37,2026-11-11,NV,D
h37,2026-11-12,NV,A1
h37,2026-11-17,KV,A1
h37,2026-11-18,KV,H
h37,2026-11-23,KV,A
h37,2026-11-25,MV,T
h37,2026-11-26,KV,D1
h37,2026-11-28,MV,Dg
h37,2026-11-29,MV,A1
h37,2026-11-30,NV,D
h39,2026-11-02,MV,T
h39,2026-11-03,MV,B1
h39,2026-11-04,MV,B1
h39,2026-11-06,NV,A1
h39,2026-11-07,NV,D
h39,2026-11-08,NV,C
h39,2026-11-10,NV,A1
h39,2026-11-11,NV,A1
h39,2026-11-12,NV,A
h39,2026-11-16,MV,D
h39,2026-11-17,MV,C
h39,2026-11-18,MV,A1
h39,2026-11-19,MV,D
h39,2026-11-20,MV,H
h39,2026-11-23,MV,B
h39,2026-11-24,KV,B1
h39,2026-11-26,KV,B1
h39,2026-11-27,KV,T
h39,2026-11-28,KV,B1
h39,2026-11-29,KV,C
h39,2026-11-30,KV,A1
h41,2026-11-04,MV,B
h41,2026-11-06,MV,B1
h41,2026-11-07,MV,H
h41,2026-11-08,MV,C
h41,2026-11-10,KV,B1
h41,2026-11-17,MV,A1
h41,2026-11-18,MV,B1
h41,2026-11-19,MV,C
h41,2026-11-24,MV,A
h41,2026-11-25,KV,C
h41,2026-11-27,KV,H
h41,2026-11-28,KV,A1
h41,2026-11-29,KV,B
h41,2026-11-30,KV,B
h44,2026-11-02,NV,B
h44,2026-11-03,NV,B
h44,2026-11-04,NV,B
h44,2026-11-05,NV,D
h44,2026-11-09,MV,A
h44,2026-11-11,KV,D
h44,2026-11-12,KV,A
h44,2026-11-13,KV,B
h44,2026-11-14,KV,B
h44,2026-11-15,KV,A
h44,2026-11-18,MV,A
h44,2026-11-20,MV,B
h44,2026-11-23,MV,C
h44,2026-11-24,KV,C
h44,2026-11-25,KV,B
h44,2026-11-27,MV,A
h44,2026-11-30,MV,D
h45,2026-11-10,MV,T
h45,2026-11-12,KV,H
h45,2026-11-13,KV,Dg
h45,2026-11-14,KV,V
h45,2026-11-15,KV,T
h45,2026-11-18,NV,D
h47,2026-11-03,KV,B
h47,2026-11-04,KV,Dg
h47,2026-11-09,MV,A1
h47,2026-11-10,MV,Dg
h47,2026-11-13,KV,V
h47,2026-11-14,KV,B
h47,2026-11-15,KV,A
h47,2026-11-17,MV,D1
h47,2026-11-18,KV,A
h47,2026-11-20,MV,A1
h47,2026-11-24,MV,D1
h47,2026-11-25,KV,D
h47,2026-11-26,KV,T
h48,2026-11-01,KV,A1
h48,2026-11-03,MV,H
h48,2026-11-04,MV,T
h48,2026-11-05,MV,Dg
h48,2026-11-10,MV,Dg
h48,2026-11-11,KV,T
h48,2026-11-12,KV,D1
h48,2026-11-16,KV,A1
h48,2026-11-19,MV,T
h48,2026-11-20,KV,B
h48,2026-11-21,KV,B
h48,2026-11-22,KV,C
h48,2026-11-24,MV,A1
h48,2026-11-26,MV,B
h48,2026-11-30,MV,V
h49,2026-11-01,MV,V
h49,2026-11-02,KV,A1
h49,2026-11-03,KV,A1
h49,2026-11-04,NV,D
h49,2026-11-06,MV,B
h49,2026-11-09,KV,A1
h49,2026-11-10,KV,V
h49,2026-11-11,KV,T
h49,2026-11-12,KV,V
h49,2026-11-16,MV,D
h49,2026-11-17,MV,B
h49,2026-11-19,NV,V
h49,2026-11-20,NV,T
h49,2026-11-21,NV,D
h49,2026-11-22,NV,A
h49,2026-11-24,KV,D
h49,2026-11-26,MV,A1
h49,2026-11-27,MV,B1
h49,2026-11-30,NV,V
h51,2026-11-02,MV,B
h51,2026-11-03,KV,B
h51,2026-11-04,KV,B
h51,2026-11-05,NV,A
h51,2026-11-09,MV,A
h51,2026-11-10,MV,C
h51,2026-11-11,KV,B
h51,2026-11-13,KV,D
h51,2026-11-14,KV,D
h51,2026-11-15,KV,B
h51,2026-11-16,NV,C
h51,2026-11-17,NV,B
h51,2026-11-18,NV,B
h51,2026-11-23,KV,B
h51,2026-11-24,KV,C
h51,2026-11-26,MV,B
h51,2026-11-27,MV,C
h51,2026-11-30,NV,A
h52,2026-11-01,NV,B
h52,2026-11-02,NV,B
h52,2026-11-03,NV,B
h52,2026-11-06,MV,D
h52,2026-11-10,MV,A
h52,2026-11-11,KV,B
h52,2026-11-12,KV,D
h52,2026-11-16,MV,B
h52,2026-11-17,NV,D
h52,2026-11-19,MV,B
h52,2026-11-20,KV,B
h52,2026-11-21,KV,C
h52,2026-11-22,KV,A
h52,2026-11-23,KV,D
h52,2026-11-25,KV,B
h52,2026-11-26,NV,A
h52,2026-11-30,MV,A
h53,2026-11-01,KV,C
h53,2026-11-04,KV,A
h53,2026-11-11,MV,B
h53,2026-11-20,NV,C
h53,2026-11-21,NV,A
h53,2026-11-22,NV,B
h54,2026-11-01,KV,C
h54,2026-11-05,NV,A
h54,2026-11-18,MV,A
h54,2026-11-20,NV,B
h54,2026-11-21,NV,C
h54,2026-11-22,NV,C
h55,2026-11-01,MV,C
h55,2026-11-02,MV,C
h55,2026-11-03,MV,A
h55,2026-11-04,KV,B
h55,2026-11-05,KV,C
h55,2026-11-09,MV,B
h55,2026-11-10,KV,A
h55,2026-11-11,KV,A
h55,2026-11-12,KV,C
h55,2026-11-17,KV,A
h55,2026-11-19,MV,B
h55,2026-11-20,MV,B
h55,2026-11-21,MV,C
h55,2026-11-22,MV,C
h55,2026-11-24,MV,C
h55,2026-11-25,KV,C
h55,2026-11-30,KV,C
h56,2026-11-01,KV,V
h56,2026-11-02,KV,Dg
h56,2026-11-03,KV,D
h56,2026-11-04,NV,A1
h56,2026-11-06,MV,T
h56,2026-11-09,MV,Dg
h56,2026-11-10,MV,B
h56,2026-11-11,KV,A
h56,2026-11-12,NV,T
h56,2026-11-16,MV,T
h56,2026-11-17,KV,B1
h56,2026-11-18,KV,B1
h56,2026-11-19,KV,A1
h56,2026-11-21,MV,A1
h56,2026-11-22,MV,C
h56,2026-11-23,MV,T
h56,2026-11-24,KV,A
h56,2026-11-25,NV,T
h56,2026-11-26,NV,A1
h56,2026-11-30,NV,A
h57,2026-11-05,KV,A1
h57,2026-11-13,NV,A1
h57,2026-11-14,NV,A1
h57,2026-11-15,NV,C
h59,2026-11-03,KV,A
h59,2026-11-05,NV,C
h59,2026-11-10,NV,D
h59,2026-11-13,NV,B
h59,2026-11-14,NV,C
h59,2026-11-15,NV,D
h59,2026-11-18,KV,D
h59,2026-11-24,KV,B
h59,2026-11-26,MV,A
h6,2026-11-02,MV,A
h6,2026-11-09,MV,B1
h6,2026-11-10,MV,B1
h6,2026-11-12,MV,B1
h6,2026-11-14,MV,B1
h6,2026-11-15,MV,B1
h6,2026-11-16,MV,B1
h6,2026-11-17,MV,B1
h6,2026-11-19,MV,C
h6,2026-11-20,MV,B
h6,2026-11-23,MV,B1
h6,2026-11-24,MV,A
h6,2026-11-25,MV,C
h6,2026-11-26,MV,C
h6,2026-11-30,MV,B
h60,2026-11-03,NV,V
h60,2026-11-04,NV,B
h60,2026-11-05,NV,T
h60,2026-11-09,MV,H
h60,2026-11-13,KV,B
h60,2026-11-14,KV,B1
h60,2026-11-15,KV,V
h60,2026-11-17,NV,C
h60,2026-11-30,KV,D1
h61,2026-11-02,KV,A1
h61,2026-11-03,KV,H
h61,2026-11-04,KV,A1
h61,2026-11-06,KV,D
h61,2026-11-07,KV,H
h61,2026-11-08,KV,C
h61,2026-11-10,KV,A1
h61,2026-11-11,NV,D
h61,2026-11-12,NV,A1
h61,2026-11-16,MV,A1
h61,2026-11-17,MV,A
h61,2026-11-18,MV,A1
h61,2026-11-19,MV,D
h61,2026-11-20,MV,A1
h61,2026-11-23,MV,A1
h61,2026-11-24,KV,A1
h61,2026-11-25,KV,A1
h61,2026-11-26,NV,A1
h61,2026-11-28,MV,D
h61,2026-11-29,MV,A1
h61,2026-11-30,NV,A1
h62,2026-11-02,NV,T
h62,2026-11-03,NV,A1
h62,2026-11-05,NV,D
h62,2026-11-06,NV,B
h62,2026-11-07,NV,A1
h62,2026-11-08,NV,T
h62,2026-11-16,NV,D
h62,2026-11-19,NV,A1
h62,2026-11-24,NV,A1
h62,2026-11-27,NV,A1
h62,2026-11-28,NV,A1
h62,2026-11-29,NV,T
h62,2026-11-30,NV,D
h63,2026-11-02,NV,A
h63,2026-11-03,NV,B
h63,2026-11-04,NV,B
h63,2026-11-05,NV,D
h63,2026-11-09,NV,A
h63,2026-11-10,NV,A
h63,2026-11-11,NV,D
h63,2026-11-13,NV,B
h63,2026-11-14,NV,A
h63,2026-11-15,NV,B
h63,2026-11-16,NV,C
h63,2026-11-18,NV,B
h63,2026-11-19,NV,D
h63,2026-11-23,NV,A
h63,2026-11-24,NV,D
h63,2026-11-25,NV,D
h63,2026-11-26,NV,A
h63,2026-11-30,NV,B
h64,2026-11-01,MV,A
h64,2026-11-02,MV,A
h64,2026-11-03,MV,B
h64,2026-11-04,KV,B
h64,2026-11-05,NV,B
h64,2026-11-09,NV,D
h64,2026-11-10,NV,C
h64,2026-11-11,NV,B
h64,2026-11-12,NV,D
h64,2026-11-16,MV,B
h64,2026-11-18,KV,C
h64,2026-11-19,KV,D
h64,2026-11-20,KV,B
h64,2026-11-21,KV,B
h64,2026-11-22,KV,C
h64,2026-11-23,KV,D
h64,2026-11-25,MV,C
h64,2026-11-26,MV,C
h64,2026-11-27,MV,B
h64,2026-11-30,NV,B
h65,2026-11-02,KV,D1
h65,2026-11-04,MV,T
h65,2026-11-05,NV,V
h65,2026-11-11,MV,B
h65,2026-11-13,KV,H
h65,2026-11-14,KV,H
h65,2026-11-15,KV,B1
h65,2026-11-18,KV,Dg
h65,2026-11-23,MV,A1
h65,2026-11-25,NV,A1
h65,2026-11-30,MV,B
h67,2026-11-03,MV,C
h67,2026-11-04,KV,D
h67,2026-11-05,KV,Dg
h67,2026-11-06,KV,Dg
h67,2026-11-07,KV,A
h67,2026-11-08,KV,A1
h67,2026-11-10,MV,B
h67,2026-11-11,MV,A1
h67,2026-11-12,MV,A1
h67,2026-11-16,MV,Dg
h67,2026-11-17,MV,Dg
h67,2026-11-18,KV,B
h67,2026-11-19,KV,A
h67,2026-11-23,NV,A
h67,2026-11-24,NV,B
h67,2026-11-25,NV,C
h67,2026-11-27,NV,A
h67,2026-11-28,NV,A
h67,2026-11-29,NV,A1
h68,2026-11-02,NV,A1
h68,2026-11-04,MV,Dg
h68,2026-11-05,MV,A1
h68,2026-11-06,KV,B
h68,2026-11-07,KV,T
h68,2026-11-08,KV,Dg
h68,2026-11-10,NV,B
h68,2026-11-11,NV,B
h68,2026-11-12,NV,C
h68,2026-11-16,MV,H
h68,2026-11-17,MV,D1
h68,2026-11-18,MV,A1
h68,2026-11-19,MV,B
h68,2026-11-20,MV,A1
h68,2026-11-23,KV,D1
h68,2026-11-25,MV,D1
h68,2026-11-26,KV,A
h68,2026-11-27,KV,A1
h68,2026-11-28,KV,D1
h68,2026-11-29,KV,D1
h68,2026-11-30,NV,T
h69,2026-11-02,NV,B
h69,2026-11-06,KV,C
h69,2026-11-07,KV,A
h69,2026-11-08,KV,C
h69,2026-11-12,NV,B
h69,2026-11-16,NV,A
h69,2026-11-18,NV,B
h69,2026-11-20,MV,A
h69,2026-11-23,MV,A
h69,2026-11-28,MV,A
h69,2026-11-29,MV,A
h7,2026-11-02,MV,B
h7,2026-11-13,KV,A1
h7,2026-11-14,KV,A1
h7,2026-11-15,KV,H
h70,2026-11-02,KV,A
h70,2026-11-03,NV,A
h70,2026-11-04,NV,A
h70,2026-11-06,KV,B
h70,2026-11-07,KV,A1
h70,2026-11-08,KV,B
h70,2026-11-09,KV,B
h70,2026-11-10,KV,B
h70,2026-11-11,NV,C
h70,2026-11-13,MV,D
h70,2026-11-16,MV,A1
h70,2026-11-17,MV,B
h70,2026-11-18,MV,A1
h70,2026-11-19,KV,H
h70,2026-11-23,MV,A
h70,2026-11-24,MV,H
h70,2026-11-25,KV,H
h70,2026-11-27,NV,A1
h70,2026-11-28,NV,A1
h70,2026-11-29,NV,A1
h70,2026-11-30,NV,A
h72,2026-11-01,MV,D1
h72,2026-11-02,KV,D
h72,2026-11-04,MV,C
h72,2026-11-05,MV,C
h72,2026-11-09,MV,Dg
h72,2026-11-12,MV,B1
h72,2026-11-17,MV,A1
h72,2026-11-19,KV,Dg
h72,2026-11-20,NV,C
h72,2026-11-21,NV,A1
h72,2026-11-22,NV,B
h72,2026-11-24,KV,C
h72,2026-11-25,KV,T
h72,2026-11-27,MV,C
h72,2026-11-30,KV,T
h73,2026-11-02,MV,D
h73,2026-11-03,KV,Dg
h73,2026-11-04,KV,C
h73,2026-11-05,KV,V
h73,2026-11-07,MV,B1
h73,2026-11-08,MV,B
h73,2026-11-09,KV,A1
h73,2026-11-10,KV,H
h73,2026-11-11,KV,D1
h73,2026-11-13,MV,D1
h73,2026-11-16,NV,T
h73,2026-11-18,MV,H
h73,2026-11-19,NV,D
h73,2026-11-23,NV,B
h73,2026-11-25,NV,C
h73,2026-11-27,MV,T
h73,2026-11-28,MV,A1
h73,2026-11-29,MV,H
h73,2026-11-30,NV,D
h75,2026-11-01,MV,B
h75,2026-11-02,KV,A
h75,2026-11-03,KV,C
h75,2026-11-04,KV,B
h75,2026-11-05,NV,C
h75,2026-11-09,MV,C
h75,2026-11-10,MV,C
h75,2026-11-11,MV,A
h75,2026-11-12,MV,C
h75,2026-11-13,MV,C
h75,2026-11-16,KV,C
h75,2026-11-17,NV,B
h75,2026-11-18,NV,A
h75,2026-11-20,NV,B
h75,2026-11-21,NV,B
h75,2026-11-22,NV,C
h75,2026-11-24,KV,A
h75,2026-11-25,KV,A
h75,2026-11-26,KV,C
h75,2026-11-30,NV,C
h76,2026-11-02,KV,B
h76,2026-11-07,MV,C
h76,2026-11-08,MV,B
h76,2026-11-09,KV,B
h76,2026-11-11,MV,A
h76,2026-11-12,MV,B
h76,2026-11-18,MV,A
h76,2026-11-26,KV,C
h76,2026-11-27,KV,B
h76,2026-11-28,KV,B
h76,2026-11-29,KV,B
h77,2026-11-02,MV,B
h77,2026-11-03,MV,A
h77,2026-11-04,MV,D
h77,2026-11-05,KV,C
h77,2026-11-07,MV,D
h77,2026-11-08,MV,A
h77,2026-11-09,KV,B
h77,2026-11-10,KV,B
h77,2026-11-11,KV,C
h77,2026-11-12,NV,A
h77,2026-11-16,NV,C
h77,2026-11-17,NV,B
h77,2026-11-18,NV,A
h77,2026-11-19,NV,C
h77,2026-11-23,MV,B
h77,2026-11-24,MV,B
h77,2026-11-26,KV,C
h77,2026-11-27,KV,A
h77,2026-11-28,KV,B
h77,2026-11-29,KV,B
h77,2026-11-30,NV,A
h78,2026-11-02,MV,D1
h78,2026-11-03,MV,T
h78,2026-11-04,MV,H
h78,2026-11-05,MV,B
h78,2026-11-06,MV,B
h78,2026-11-09,MV,A1
h78,2026-11-10,MV,A
h78,2026-11-11,KV,A1
h78,2026-11-13,KV,T
h78,2026-11-14,KV,T
h78,2026-11-15,KV,D1
h78,2026-11-16,KV,C
h78,2026-11-17,KV,T
h78,2026-11-18,KV,T
h78,2026-11-20,MV,D1
h78,2026-11-23,NV,B
h78,2026-11-24,NV,D
h78,2026-11-25,NV,A
h78,2026-11-26,NV,B
h78,2026-11-30,NV,A1
h79,2026-11-02,MV,B
h79,2026-11-03,NV,C
h79,2026-11-04,NV,C
h79,2026-11-06,NV,B
h79,2026-11-07,NV,A1
h79,2026-11-08,NV,A
h79,2026-11-10,KV,A1
h79,2026-11-11,KV,C
h79,2026-11-12,KV,A
h79,2026-11-16,MV,B
h79,2026-11-17,MV,A1
h79,2026-11-18,MV,A1
h79,2026-11-19,MV,H
h79,2026-11-20,MV,H
h79,2026-11-23,MV,B
h79,2026-11-24,KV,B
h79,2026-11-25,KV,H
h79,2026-11-26,KV,C
h79,2026-11-28,MV,A1
h79,2026-11-29,MV,B
h79,2026-11-30,NV,A1
h8,2026-11-02,NV,C
h8,2026-11-03,NV,A
h8,2026-11-06,MV,B
h8,2026-11-11,MV,C
h8,2026-11-13,KV,B
h8,2026-11-14,KV,A
h8,2026-11-15,KV,C
h8,2026-11-19,NV,B
h8,2026-11-23,MV,C
h80,2026-11-02,KV,B
h80,2026-11-04,MV,C
h80,2026-11-06,KV,A1
h80,2026-11-07,KV,C
h80,2026-11-08,KV,B
h80,2026-11-10,NV,B
h80,2026-11-17,MV,D
h80,2026-11-24,NV,B
h80,2026-11-27,NV,C
h80,2026-11-28,NV,B
h80,2026-11-29,NV,B
h81,2026-11-01,NV,C
h81,2026-11-02,NV,C
h81,2026-11-03,NV,D
h81,2026-11-09,NV,B
h81,2026-11-11,MV,B
h81,2026-11-12,KV,B
h81,2026-11-19,KV,D
h81,2026-11-21,MV,B
h81,2026-11-22,MV,A
h81,2026-11-24,MV,C
h81,2026-11-25,NV,A
h83,2026-11-01,MV,T
h83,2026-11-05,MV,D
h83,2026-11-21,MV,T
h83,2026-11-22,MV,Dg
h84,2026-11-02,MV,T
h84,2026-11-03,MV,T
h84,2026-11-04,KV,D
h84,2026-11-05,KV,H
h84,2026-11-09,MV,B1
h84,2026-11-11,MV,H
h84,2026-11-12,MV,H
h84,2026-11-13,MV,V
h84,2026-11-14,MV,Dg
h84,2026-11-15,MV,A
h84,2026-11-17,KV,D1
h84,2026-11-18,KV,A1
h84,2026-11-19,KV,V
h84,2026-11-23,MV,B1
h84,2026-11-24,MV,A
h84,2026-11-25,KV,V
h84,2026-11-26,KV,H
h85,2026-11-02,NV,V
h85,2026-11-03,NV,V
h85,2026-11-04,NV,T
h85,2026-11-06,KV,D1
h85,2026-11-07,KV,Dg
h85,2026-11-08,KV,D
h85,2026-11-10,MV,A1
h85,2026-11-11,MV,A
h85,2026-11-12,MV,D1
h85,2026-11-13,MV,B
h85,2026-11-16,KV,C
h85,2026-11-17,KV,H
h85,2026-11-19,MV,D
h85,2026-11-20,MV,H
h85,2026-11-23,KV,T
h85,2026-11-24,KV,A
h85,2026-11-25,KV,A1
h85,2026-11-27,KV,V
h85,2026-11-28,KV,D
h85,2026-11-29,KV,V
h85,2026-11-30,NV,D
h86,2026-11-01,KV,A1
h86,2026-11-21,MV,D1
h86,2026-11-22,MV,A1
h86,2026-11-25,MV,Dg
h9,2026-11-02,KV,C
h9,2026-11-03,KV,A1
h9,2026-11-04,KV,H
h9,2026-11-06,MV,A1
h9,2026-11-07,MV,A1
h9,2026-11-08,MV,H
h9,2026-11-09,MV,B1
h9,2026-11-10,MV,H
h9,2026-11-12,MV,A
h9,2026-11-16,KV,H
h9,2026-11-17,KV,A
h9,2026-11-18,KV,H
h9,2026-11-19,KV,D
h9,2026-11-25,MV,A
h9,2026-11-26,MV,B1
h9,2026-11-27,MV,D1
h9,2026-11-28,MV,T
h9,2026-11-29,MV,A
h9,2026-11-30,KV,D1
h90,2026-11-02,MV,A
h90,2026-11-03,KV,B1
h90,2026-11-06,KV,T
h90,2026-11-07,KV,B
h90,2026-11-08,KV,A1
h90,2026-11-09,NV,A
h90,2026-11-11,MV,B1
h90,2026-11-16,MV,C
h90,2026-11-17,MV,D
h90,2026-11-18,NV,A1
h90,2026-11-20,MV,V
h90,2026-11-23,MV,V
h90,2026-11-24,NV,T
h90,2026-11-27,KV,Dg
h90,2026-11-28,KV,T
h90,2026-11-29,KV,H
h90,2026-11-30,NV,C
h93,2026-11-02,KV,A1
h93,2026-11-03,KV,C
h93,2026-11-04,KV,B
h93,2026-11-05,KV,Dg
h93,2026-11-07,MV,Dg
h93,2026-11-08,MV,V
h93,2026-11-09,NV,C
h93,2026-11-10,NV,A1
h93,2026-11-11,NV,T
h93,2026-11-12,NV,B
h93,2026-11-16,MV,D1
h93,2026-11-17,NV,V
h93,2026-11-19,MV,A1
h93,2026-11-20,MV,A
h93,2026-11-23,MV,D1
h93,2026-11-25,KV,B
h93,2026-11-26,KV,B1
h93,2026-11-27,NV,V
h93,2026-11-28,NV,B
h93,2026-11-29,NV,C
h93,2026-11-30,NV,C
h94,2026-11-02,MV,D
h94,2026-11-03,KV,B
h94,2026-11-04,KV,D
h94,2026-11-05,KV,A
h94,2026-11-07,MV,C
h94,2026-11-08,MV,D
h94,2026-11-10,KV,C
h94,2026-11-16,MV,A
h94,2026-11-17,KV,D
h94,2026-11-18,NV,C
h94,2026-11-19,NV,C
h94,2026-11-23,NV,A
h94,2026-11-24,NV,D
h94,2026-11-25,NV,A
h94,2026-11-28,MV,C
h94,2026-11-29,MV,C
h94,2026-11-30,KV,D
h95,2026-11-05,MV,D
h95,2026-11-09,KV,D1
h95,2026-11-13,NV,C
h95,2026-11-14,NV,V
h95,2026-11-15,NV,V
h95,2026-11-18,KV,V
h95,2026-11-19,KV,A1
h95,2026-11-24,MV,T
h95,2026-11-25,KV,C
h95,2026-11-26,NV,B
h95,2026-11-30,MV,T
h96,2026-11-01,MV,Dg
h96,2026-11-02,KV,Dg
h96,2026-11-03,KV,D
h96,2026-11-04,KV,D
h96,2026-11-12,KV,Dg
h96,2026-11-16,KV,D
h96,2026-11-20,MV,Dg
h96,2026-11-21,MV,D
h96,2026-11-22,MV,D
h96,2026-11-24,KV,Dg
h96,2026-11-30,MV,Dg
h97,2026-11-06,KV,V
h97,2026-11-07,KV,V
h97,2026-11-08,KV,A1
h97,2026-11-11,MV,B
h97,2026-11-17,MV,A1
h97,2026-11-23,MV,Dg
h97,2026-11-24,MV,A1
h97,2026-11-26,KV,Dg
h97,2026-11-28,MV,B
h97,2026-11-29,MV,T
h97,2026-11-30,MV,C
h98,2026-11-03,KV,V
h98,2026-11-06,MV,D1
h98,2026-11-07,MV,D1
h98,2026-11-08,MV,D1
h98,2026-11-09,KV,T
h98,2026-11-11,MV,D
h98,2026-11-16,KV,D1
h98,2026-11-23,KV,Dg
h98,2026-11-28,MV,A1
h98,2026-11-29,MV,D
h98,2026-11-30,KV,V
h99,2026-11-03,NV,V
h99,2026-11-04,NV,B
h99,2026-11-06,KV,T
h99,2026-11-07,KV,A1
h99,2026-11-08,KV,V
h99,2026-11-10,MV,C
h99,2026-11-11,KV,D1
h99,2026-11-12,NV,B
h99,2026-11-17,MV,T
h99,2026-11-18,NV,A1
h99,2026-11-23,MV,V
h99,2026-11-26,MV,A1
h99,2026-11-27,KV,B1
h99,2026-11-28,KV,H
h99,2026-11-29,KV,T
h99,2026-11-30,NV,B
