date,shift,role,required,assigned,missing
2026-11-01,KV,A,2,2,0
2026-11-01,KV,A1,3,3,0
2026-11-01,KV,B,4,4,0
2026-11-01,KV,B1,1,1,0
2026-11-01,KV,C,2,2,0
2026-11-01,KV,D,1,1,0
2026-11-01,KV,D1,1,1,0
2026-11-01,KV,Dg,1,1,0
2026-11-01,KV,H,1,1,0
2026-11-01,KV,T,2,2,0
2026-11-01,KV,V,1,1,0
2026-11-01,MV,A,2,2,0
2026-11-01,MV,A1,3,3,0
2026-11-01,MV,B,4,4,0
2026-11-01,MV,B1,1,1,0
2026-11-01,MV,C,2,2,0
2026-11-01,MV,D,1,1,0
2026-11-01,MV,D1,1,1,0
2026-11-01,MV,Dg,1,1,0
2026-11-01,MV,H,1,1,0
2026-11-01,MV,T,2,2,0
2026-11-01,MV,V,1,1,0
2026-11-01,NV,A,1,1,0
2026-11-01,NV,A1,3,3,0
2026-11-01,NV,B,3,3,0
2026-11-01,NV,C,2,2,0
2026-11-01,NV,D,1,1,0
2026-11-01,NV,T,1,1,0
2026-11-01,NV,V,1,1,0
2026-11-02,KV,A,2,4,0
2026-11-02,KV,A1,3,5,0
2026-11-02,KV,B,4,6,0
2026-11-02,KV,B1,1,1,0
2026-11-02,KV,C,2,4,0
2026-11-02,KV,D,1,4,0
2026-11-02,KV,D1,1,1,0
2026-11-02,KV,Dg,1,2,0
2026-11-02,KV,H,1,2,0
2026-11-02,KV,T,2,2,0
2026-11-02,KV,V,1,1,0
2026-11-02,MV,A,2,11,0
2026-11-02,MV,A1,3,3,0
2026-11-02,MV,B,4,6,0
2026-11-02,MV,B1,1,1,0
2026-11-02,MV,C,2,4,0
2026-11-02,MV,D,1,4,0
2026-11-02,MV,D1,1,2,0
2026-11-02,MV,Dg,1,1,0
2026-11-02,MV,H,1,1,0
2026-11-02,MV,T,2,3,0
2026-11-02,MV,V,1,1,0
2026-11-02,NV,A,1,3,0
2026-11-02,NV,A1,3,4,0
2026-11-02,NV,B,3,4,0
2026-11-02,NV,C,2,5,0
2026-11-02,NV,D,1,2,0
2026-11-02,NV,T,1,1,0
2026-11-02,NV,V,1,3,0
2026-11-03,KV,A,2,2,0
2026-11-03,KV,A1,3,3,0
2026-11-03,KV,B,4,6,0
2026-11-03,KV,B1,1,1,0
2026-11-03,KV,C,2,4,0
2026-11-03,KV,D,1,3,0
2026-11-03,KV,D1,1,1,0
2026-11-03,KV,Dg,1,1,0
2026-11-03,KV,H,1,1,0
2026-11-03,KV,T,2,2,0
2026-11-03,KV,V,1,1,0
2026-11-03,MV,A,2,7,0
2026-11-03,MV,A1,3,3,0
2026-11-03,MV,B,4,6,0
2026-11-03,MV,B1,1,1,0
2026-11-03,MV,C,2,5,0
2026-11-03,MV,D,1,1,0
2026-11-03,MV,D1,1,1,0
2026-11-03,MV,Dg,1,1,0
2026-11-03,MV,H,1,1,0
2026-11-03,MV,T,2,3,0
2026-11-03,MV,V,1,1,0
2026-11-03,NV,A,1,10,0
2026-11-03,NV,A1,3,5,0
2026-11-03,NV,B,3,3,0
2026-11-03,NV,C,2,2,0
2026-11-03,NV,D,1,4,0
2026-11-03,NV,T,1,1,0
2026-11-03,NV,V,1,6,0
2026-11-04,KV,A,2,2,0
2026-11-04,KV,A1,3,3,0
2026-11-04,KV,B,4,8,0
2026-11-04,KV,B1,1,1,0
2026-11-04,KV,C,2,3,0
2026-11-04,KV,D,1,6,0
2026-11-04,KV,D1,1,1,0
2026-11-04,KV,Dg,1,1,0
2026-11-04,KV,H,1,1,0
2026-11-04,KV,T,2,2,0
2026-11-04,KV,V,1,1,0
2026-11-04,MV,A,2,4,0
2026-11-04,MV,A1,3,3,0
2026-11-04,MV,B,4,5,0
2026-11-04,MV,B1,1,1,0
2026-11-04,MV,C,2,3,0
2026-11-04,MV,D,1,1,0
2026-11-04,MV,D1,1,1,0
2026-11-04,MV,Dg,1,1,0
2026-11-04,MV,H,1,3,0
2026-11-04,MV,T,2,3,0
2026-11-04,MV,V,1,1,0
2026-11-04,NV,A,1,5,0
2026-11-04,NV,A1,3,6,0
2026-11-04,NV,B,3,6,0
2026-11-04,NV,C,2,3,0
2026-11-04,NV,D,1,4,0
2026-11-04,NV,T,1,1,0
2026-11-04,NV,V,1,2,0
2026-11-05,KV,A,2,2,0
2026-11-05,KV,A1,3,4,0
2026-11-05,KV,B,4,4,0
2026-11-05,KV,B1,1,1,0
2026-11-05,KV,C,2,3,0
2026-11-05,KV,D,1,1,0
2026-11-05,KV,D1,1,1,0
2026-11-05,KV,Dg,1,2,0
2026-11-05,KV,H,1,1,0
2026-11-05,KV,T,2,2,0
2026-11-05,KV,V,1,1,0
2026-11-05,MV,A,2,2,0
2026-11-05,MV,A1,3,6,0
2026-11-05,MV,B,4,5,0
2026-11-05,MV,B1,1,1,0
2026-11-05,MV,C,2,3,0
2026-11-05,MV,D,1,3,0
2026-11-05,MV,D1,1,1,0
2026-11-05,MV,Dg,1,2,0
2026-11-05,MV,H,1,1,0
2026-11-05,MV,T,2,2,0
2026-11-05,MV,V,1,1,0
2026-11-05,NV,A,1,4,0
2026-11-05,NV,A1,3,3,0
2026-11-05,NV,B,3,3,0
2026-11-05,NV,C,2,5,0
2026-11-05,NV,D,1,4,0
2026-11-05,NV,T,1,2,0
2026-11-05,NV,V,1,2,0
2026-11-06,KV,A,2,2,0
2026-11-06,KV,A1,3,3,0
2026-11-06,KV,B,4,4,0
2026-11-06,KV,B1,1,1,0
2026-11-06,KV,C,2,2,0
2026-11-06,KV,D,1,1,0
2026-11-06,KV,D1,1,1,0
2026-11-06,KV,Dg,1,1,0
2026-11-06,KV,H,1,1,0
2026-11-06,KV,T,2,2,0
2026-11-06,KV,V,1,1,0
2026-11-06,MV,A,2,3,0
2026-11-06,MV,A1,3,3,0
2026-11-06,MV,B,4,6,0
2026-11-06,MV,B1,1,2,0
2026-11-06,MV,C,2,3,0
2026-11-06,MV,D,1,7,0
2026-11-06,MV,D1,1,1,0
2026-11-06,MV,Dg,1,1,0
2026-11-06,MV,H,1,2,0
2026-11-06,MV,T,2,2,0
2026-11-06,MV,V,1,1,0
2026-11-06,NV,A,1,1,0
2026-11-06,NV,A1,3,3,0
2026-11-06,NV,B,3,3,0
2026-11-06,NV,C,2,2,0
2026-11-06,NV,D,1,1,0
2026-11-06,NV,T,1,1,0
2026-11-06,NV,V,1,1,0
2026-11-07,KV,A,2,2,0
2026-11-07,KV,A1,3,3,0
2026-11-07,KV,B,4,4,0
2026-11-07,KV,B1,1,1,0
2026-11-07,KV,C,2,2,0
2026-11-07,KV,D,1,1,0
2026-11-07,KV,D1,1,1,0
2026-11-07,KV,Dg,1,1,0
2026-11-07,KV,H,1,1,0
2026-11-07,KV,T,2,2,0
2026-11-07,KV,V,1,1,0
2026-11-07,MV,A,2,2,0
2026-11-07,MV,A1,3,3,0
2026-11-07,MV,B,4,4,0
2026-11-07,MV,B1,1,1,0
2026-11-07,MV,C,2,2,0
2026-11-07,MV,D,1,1,0
2026-11-07,MV,D1,1,1,0
2026-11-07,MV,Dg,1,1,0
2026-11-07,MV,H,1,1,0
2026-11-07,MV,T,2,2,0
2026-11-07,MV,V,1,1,0
2026-11-07,NV,A,1,1,0
2026-11-07,NV,A1,3,3,0
2026-11-07,NV,B,3,3,0
2026-11-07,NV,C,2,2,0
2026-11-07,NV,D,1,1,0
2026-11-07,NV,T,1,1,0
2026-11-07,NV,V,1,1,0
2026-11-08,KV,A,2,2,0
2026-11-08,KV,A1,3,3,0
2026-11-08,KV,B,4,4,0
2026-11-08,KV,B1,1,1,0
2026-11-08,KV,C,2,2,0
2026-11-08,KV,D,1,1,0
2026-11-08,KV,D1,1,1,0
2026-11-08,KV,Dg,1,1,0
2026-11-08,KV,H,1,1,0
2026-11-08,KV,T,2,2,0
2026-11-08,KV,V,1,1,0
2026-11-08,MV,A,2,2,0
2026-11-08,MV,A1,3,3,0
2026-11-08,MV,B,4,4,0
2026-11-08,MV,B1,1,1,0
2026-11-08,MV,C,2,2,0
2026-11-08,MV,D,1,1,0
2026-11-08,MV,D1,1,1,0
2026-11-08,MV,Dg,1,1,0
2026-11-08,MV,H,1,1,0
2026-11-08,MV,T,2,2,0
2026-11-08,MV,V,1,1,0
2026-11-08,NV,A,1,1,0
2026-11-08,NV,A1,3,3,0
2026-11-08,NV,B,3,3,0
2026-11-08,NV,C,2,2,0
2026-11-08,NV,D,1,1,0
2026-11-08,NV,T,1,1,0
2026-11-08,NV,V,1,1,0
2026-11-09,KV,A,2,3,0
2026-11-09,KV,A1,3,4,0
2026-11-09,KV,B,4,6,0
2026-11-09,KV,B1,1,1,0
2026-11-09,KV,C,2,3,0
2026-11-09,KV,D,1,2,0
2026-11-09,KV,D1,1,2,0
2026-11-09,KV,Dg,1,1,0
2026-11-09,KV,H,1,2,0
2026-11-09,KV,T,2,2,0
2026-11-09,KV,V,1,1,0
2026-11-09,MV,A,2,3,0
2026-11-09,MV,A1,3,6,0
2026-11-09,MV,B,4,6,0
2026-11-09,MV,B1,1,3,0
2026-11-09,MV,C,2,4,0
2026-11-09,MV,D,1,2,0
2026-11-09,MV,D1,1,2,0
2026-11-09,MV,Dg,1,2,0
2026-11-09,MV,H,1,1,0
2026-11-09,MV,T,2,2,0
2026-11-09,MV,V,1,2,0
2026-11-09,NV,A,1,5,0
2026-11-09,NV,A1,3,3,0
2026-11-09,NV,B,3,3,0
2026-11-09,NV,C,2,2,0
2026-11-09,NV,D,1,3,0
2026-11-09,NV,T,1,1,0
2026-11-09,NV,V,1,1,0
2026-11-10,KV,A,2,2,0
2026-11-10,KV,A1,3,3,0
2026-11-10,KV,B,4,8,0
2026-11-10,KV,B1,1,1,0
2026-11-10,KV,C,2,6,0
2026-11-10,KV,D,1,4,0
2026-11-10,KV,D1,1,1,0
2026-11-10,KV,Dg,1,2,0
2026-11-10,KV,H,1,1,0
2026-11-10,KV,T,2,3,0
2026-11-10,KV,V,1,1,0
2026-11-10,MV,A,2,3,0
2026-11-10,MV,A1,3,3,0
2026-11-10,MV,B,4,4,0
2026-11-10,MV,B1,1,1,0
2026-11-10,MV,C,2,4,0
2026-11-10,MV,D,1,2,0
2026-11-10,MV,D1,1,1,0
2026-11-10,MV,Dg,1,2,0
2026-11-10,MV,H,1,3,0
2026-11-10,MV,T,2,3,0
2026-11-10,MV,V,1,1,0
2026-11-10,NV,A,1,1,0
2026-11-10,NV,A1,3,3,0
2026-11-10,NV,B,3,3,0
2026-11-10,NV,C,2,2,0
2026-11-10,NV,D,1,3,0
2026-11-10,NV,T,1,1,0
2026-11-10,NV,V,1,1,0
2026-11-11,KV,A,2,2,0
2026-11-11,KV,A1,3,4,0
2026-11-11,KV,B,4,4,0
2026-11-11,KV,B1,1,1,0
2026-11-11,KV,C,2,3,0
2026-11-11,KV,D,1,4,0
2026-11-11,KV,D1,1,2,0
2026-11-11,KV,Dg,1,2,0
2026-11-11,KV,H,1,1,0
2026-11-11,KV,T,2,4,0
2026-11-11,KV,V,1,1,0
2026-11-11,MV,A,2,4,0
2026-11-11,MV,A1,3,3,0
2026-11-11,MV,B,4,8,0
2026-11-11,MV,B1,1,1,0
2026-11-11,MV,C,2,2,0
2026-11-11,MV,D,1,3,0
2026-11-11,MV,D1,1,2,0
2026-11-11,MV,Dg,1,1,0
2026-11-11,MV,H,1,1,0
2026-11-11,MV,T,2,2,0
2026-11-11,MV,V,1,1,0
2026-11-11,NV,A,1,4,0
2026-11-11,NV,A1,3,4,0
2026-11-11,NV,B,3,5,0
2026-11-11,NV,C,2,5,0
2026-11-11,NV,D,1,7,0
2026-11-11,NV,T,1,1,0
2026-11-11,NV,V,1,1,0
2026-11-12,KV,A,2,4,0
2026-11-12,KV,A1,3,3,0
2026-11-12,KV,B,4,4,0
2026-11-12,KV,B1,1,2,0
2026-11-12,KV,C,2,2,0
2026-11-12,KV,D,1,2,0
2026-11-12,KV,D1,1,1,0
2026-11-12,KV,Dg,1,1,0
2026-11-12,KV,H,1,1,0
2026-11-12,KV,T,2,2,0
2026-11-12,KV,V,1,1,0
2026-11-12,MV,A,2,5,0
2026-11-12,MV,A1,3,3,0
2026-11-12,MV,B,4,4,0
2026-11-12,MV,B1,1,3,0
2026-11-12,MV,C,2,3,0
2026-11-12,MV,D,1,2,0
2026-11-12,MV,D1,1,1,0
2026-11-12,MV,Dg,1,1,0
2026-11-12,MV,H,1,1,0
2026-11-12,MV,T,2,2,0
2026-11-12,MV,V,1,2,0
2026-11-12,NV,A,1,4,0
2026-11-12,NV,A1,3,3,0
2026-11-12,NV,B,3,6,0
2026-11-12,NV,C,2,4,0
2026-11-12,NV,D,1,6,0
2026-11-12,NV,T,1,1,0
2026-11-12,NV,V,1,1,0
2026-11-13,KV,A,2,2,0
2026-11-13,KV,A1,3,3,0
2026-11-13,KV,B,4,4,0
2026-11-13,KV,B1,1,1,0
2026-11-13,KV,C,2,2,0
2026-11-13,KV,D,1,1,0
2026-11-13,KV,D1,1,1,0
2026-11-13,KV,Dg,1,1,0
2026-11-13,KV,H,1,1,0
2026-11-13,KV,T,2,2,0
2026-11-13,KV,V,1,1,0
2026-11-13,MV,A,2,4,0
2026-11-13,MV,A1,3,6,0
2026-11-13,MV,B,4,5,0
2026-11-13,MV,B1,1,1,0
2026-11-13,MV,C,2,3,0
2026-11-13,MV,D,1,2,0
2026-11-13,MV,D1,1,1,0
2026-11-13,MV,Dg,1,2,0
2026-11-13,MV,H,1,2,0
2026-11-13,MV,T,2,2,0
2026-11-13,MV,V,1,2,0
2026-11-13,NV,A,1,1,0
2026-11-13,NV,A1,3,3,0
2026-11-13,NV,B,3,3,0
2026-11-13,NV,C,2,2,0
2026-11-13,NV,D,1,1,0
2026-11-13,NV,T,1,1,0
2026-11-13,NV,V,1,1,0
2026-11-14,KV,A,2,2,0
2026-11-14,KV,A1,3,3,0
2026-11-14,KV,B,4,4,0
2026-11-14,KV,B1,1,1,0
2026-11-14,KV,C,2,2,0
2026-11-14,KV,D,1,1,0
2026-11-14,KV,D1,1,1,0
2026-11-14,KV,Dg,1,1,0
2026-11-14,KV,H,1,1,0
2026-11-14,KV,T,2,2,0
2026-11-14,KV,V,1,1,0
2026-11-14,MV,A,2,0,2
2026-11-14,MV,A1,3,0,3
2026-11-14,MV,B,4,0,4
2026-11-14,MV,B1,1,1,0
2026-11-14,MV,C,2,0,2
2026-11-14,MV,D,1,1,0
2026-11-14,MV,D1,1,0,1
2026-11-14,MV,Dg,1,1,0
2026-11-14,MV,H,1,0,1
2026-11-14,MV,T,2,0,2
2026-11-14,MV,V,1,0,1
2026-11-14,NV,A,1,1,0
2026-11-14,NV,A1,3,3,0
2026-11-14,NV,B,3,3,0
2026-11-14,NV,C,2,2,0
2026-11-14,NV,D,1,1,0
2026-11-14,NV,T,1,1,0
2026-11-14,NV,V,1,1,0
2026-11-15,KV,A,2,2,0
2026-11-15,KV,A1,3,3,0
2026-11-15,KV,B,4,4,0
2026-11-15,KV,B1,1,1,0
2026-11-15,KV,C,2,2,0
2026-11-15,KV,D,1,1,0
2026-11-15,KV,D1,1,1,0
2026-11-15,KV,Dg,1,1,0
2026-11-15,KV,H,1,1,0
2026-11-15,KV,T,2,2,0
2026-11-15,KV,V,1,1,0
2026-11-15,MV,A,2,2,0
2026-11-15,MV,A1,3,0,3
2026-11-15,MV,B,4,0,4
2026-11-15,MV,B1,1,1,0
2026-11-15,MV,C,2,0,2
2026-11-15,MV,D,1,0,1
2026-11-15,MV,D1,1,0,1
2026-11-15,MV,Dg,1,0,1
2026-11-15,MV,H,1,0,1
2026-11-15,MV,T,2,0,2
2026-11-15,MV,V,1,0,1
2026-11-15,NV,A,1,1,0
2026-11-15,NV,A1,3,3,0
2026-11-15,NV,B,3,3,0
2026-11-15,NV,C,2,2,0
2026-11-15,NV,D,1,1,0
2026-11-15,NV,T,1,1,0
2026-11-15,NV,V,1,1,0
2026-11-16,KV,A,2,3,0
2026-11-16,KV,A1,3,3,0
2026-11-16,KV,B,4,5,0
2026-11-16,KV,B1,1,1,0
2026-11-16,KV,C,2,3,0
2026-11-16,KV,D,1,3,0
2026-11-16,KV,D1,1,1,0
2026-11-16,KV,Dg,1,1,0
2026-11-16,KV,H,1,2,0
2026-11-16,KV,T,2,2,0
2026-11-16,KV,V,1,1,0
2026-11-16,MV,A,2,4,0
2026-11-16,MV,A1,3,5,0
2026-11-16,MV,B,4,6,0
2026-11-16,MV,B1,1,2,0
2026-11-16,MV,C,2,6,0
2026-11-16,MV,D,1,4,0
2026-11-16,MV,D1,1,1,0
2026-11-16,MV,Dg,1,3,0
2026-11-16,MV,H,1,2,0
2026-11-16,MV,T,2,2,0
2026-11-16,MV,V,1,3,0
2026-11-16,NV,A,1,2,0
2026-11-16,NV,A1,3,3,0
2026-11-16,NV,B,3,4,0
2026-11-16,NV,C,2,4,0
2026-11-16,NV,D,1,2,0
2026-11-16,NV,T,1,1,0
2026-11-16,NV,V,1,1,0
2026-11-17,KV,A,2,2,0
2026-11-17,KV,A1,3,4,0
2026-11-17,KV,B,4,4,0
2026-11-17,KV,B1,1,2,0
2026-11-17,KV,C,2,4,0
2026-11-17,KV,D,1,2,0
2026-11-17,KV,D1,1,2,0
2026-11-17,KV,Dg,1,2,0
2026-11-17,KV,H,1,1,0
2026-11-17,KV,T,2,3,0
2026-11-17,KV,V,1,1,0
2026-11-17,MV,A,2,2,0
2026-11-17,MV,A1,3,5,0
2026-11-17,MV,B,4,6,0
2026-11-17,MV,B1,1,3,0
2026-11-17,MV,C,2,4,0
2026-11-17,MV,D,1,6,0
2026-11-17,MV,D1,1,2,0
2026-11-17,MV,Dg,1,2,0
2026-11-17,MV,H,1,1,0
2026-11-17,MV,T,2,2,0
2026-11-17,MV,V,1,1,0
2026-11-17,NV,A,1,3,0
2026-11-17,NV,A1,3,4,0
2026-11-17,NV,B,3,5,0
2026-11-17,NV,C,2,2,0
2026-11-17,NV,D,1,2,0
2026-11-17,NV,T,1,1,0
2026-11-17,NV,V,1,1,0
2026-11-18,KV,A,2,2,0
2026-11-18,KV,A1,3,3,0
2026-11-18,KV,B,4,5,0
2026-11-18,KV,B1,1,1,0
2026-11-18,KV,C,2,3,0
2026-11-18,KV,D,1,4,0
2026-11-18,KV,D1,1,1,0
2026-11-18,KV,Dg,1,2,0
2026-11-18,KV,H,1,2,0
2026-11-18,KV,T,2,2,0
2026-11-18,KV,V,1,1,0
2026-11-18,MV,A,2,4,0
2026-11-18,MV,A1,3,6,0
2026-11-18,MV,B,4,6,0
2026-11-18,MV,B1,1,2,0
2026-11-18,MV,C,2,4,0
2026-11-18,MV,D,1,2,0
2026-11-18,MV,D1,1,1,0
2026-11-18,MV,Dg,1,1,0
2026-11-18,MV,H,1,1,0
2026-11-18,MV,T,2,2,0
2026-11-18,MV,V,1,1,0
2026-11-18,NV,A,1,5,0
2026-11-18,NV,A1,3,3,0
2026-11-18,NV,B,3,5,0
2026-11-18,NV,C,2,3,0
2026-11-18,NV,D,1,2,0
2026-11-18,NV,T,1,1,0
2026-11-18,NV,V,1,2,0
2026-11-19,KV,A,2,2,0
2026-11-19,KV,A1,3,3,0
2026-11-19,KV,B,4,4,0
2026-11-19,KV,B1,1,3,0
2026-11-19,KV,C,2,4,0
2026-11-19,KV,D,1,5,0
2026-11-19,KV,D1,1,1,0
2026-11-19,KV,Dg,1,3,0
2026-11-19,KV,H,1,1,0
2026-11-19,KV,T,2,2,0
2026-11-19,KV,V,1,1,0
2026-11-19,MV,A,2,3,0
2026-11-19,MV,A1,3,3,0
2026-11-19,MV,B,4,7,0
2026-11-19,MV,B1,1,1,0
2026-11-19,MV,C,2,4,0
2026-11-19,MV,D,1,4,0
2026-11-19,MV,D1,1,1,0
2026-11-19,MV,Dg,1,1,0
2026-11-19,MV,H,1,2,0
2026-11-19,MV,T,2,4,0
2026-11-19,MV,V,1,2,0
2026-11-19,NV,A,1,3,0
2026-11-19,NV,A1,3,3,0
2026-11-19,NV,B,3,4,0
2026-11-19,NV,C,2,4,0
2026-11-19,NV,D,1,5,0
2026-11-19,NV,T,1,1,0
2026-11-19,NV,V,1,1,0
2026-11-20,KV,A,2,2,0
2026-11-20,KV,A1,3,3,0
2026-11-20,KV,B,4,4,0
2026-11-20,KV,B1,1,1,0
2026-11-20,KV,C,2,2,0
2026-11-20,KV,D,1,1,0
2026-11-20,KV,D1,1,1,0
2026-11-20,KV,Dg,1,1,0
2026-11-20,KV,H,1,1,0
2026-11-20,KV,T,2,2,0
2026-11-20,KV,V,1,1,0
2026-11-20,MV,A,2,3,0
2026-11-20,MV,A1,3,3,0
2026-11-20,MV,B,4,6,0
2026-11-20,MV,B1,1,2,0
2026-11-20,MV,C,2,2,0
2026-11-20,MV,D,1,2,0
2026-11-20,MV,D1,1,2,0
2026-11-20,MV,Dg,1,1,0
2026-11-20,MV,H,1,3,0
2026-11-20,MV,T,2,2,0
2026-11-20,MV,V,1,1,0
2026-11-20,NV,A,1,1,0
2026-11-20,NV,A1,3,3,0
2026-11-20,NV,B,3,3,0
2026-11-20,NV,C,2,2,0
2026-11-20,NV,D,1,1,0
2026-11-20,NV,T,1,1,0
2026-11-20,NV,V,1,1,0
2026-11-21,KV,A,2,2,0
2026-11-21,KV,A1,3,3,0
2026-11-21,KV,B,4,4,0
2026-11-21,KV,B1,1,1,0
2026-11-21,KV,C,2,2,0
2026-11-21,KV,D,1,1,0
2026-11-21,KV,D1,1,1,0
2026-11-21,KV,Dg,1,1,0
2026-11-21,KV,H,1,1,0
2026-11-21,KV,T,2,2,0
2026-11-21,KV,V,1,1,0
2026-11-21,MV,A,2,2,0
2026-11-21,MV,A1,3,3,0
2026-11-21,MV,B,4,4,0
2026-11-21,MV,B1,1,1,0
2026-11-21,MV,C,2,2,0
2026-11-21,MV,D,1,1,0
2026-11-21,MV,D1,1,1,0
2026-11-21,MV,Dg,1,1,0
2026-11-21,MV,H,1,1,0
2026-11-21,MV,T,2,2,0
2026-11-21,MV,V,1,1,0
2026-11-21,NV,A,1,1,0
2026-11-21,NV,A1,3,3,0
2026-11-21,NV,B,3,3,0
2026-11-21,NV,C,2,2,0
2026-11-21,NV,D,1,1,0
2026-11-21,NV,T,1,1,0
2026-11-21,NV,V,1,1,0
2026-11-22,KV,A,2,2,0
2026-11-22,KV,A1,3,3,0
2026-11-22,KV,B,4,4,0
2026-11-22,KV,B1,1,1,0
2026-11-22,KV,C,2,2,0
2026-11-22,KV,D,1,1,0
2026-11-22,KV,D1,1,1,0
2026-11-22,KV,Dg,1,1,0
2026-11-22,KV,H,1,1,0
2026-11-22,KV,T,2,2,0
2026-11-22,KV,V,1,1,0
2026-11-22,MV,A,2,2,0
2026-11-22,MV,A1,3,3,0
2026-11-22,MV,B,4,4,0
2026-11-22,MV,B1,1,1,0
2026-11-22,MV,C,2,2,0
2026-11-22,MV,D,1,1,0
2026-11-22,MV,D1,1,1,0
2026-11-22,MV,Dg,1,1,0
2026-11-22,MV,H,1,1,0
2026-11-22,MV,T,2,2,0
2026-11-22,MV,V,1,1,0
2026-11-22,NV,A,1,1,0
2026-11-22,NV,A1,3,3,0
2026-11-22,NV,B,3,3,0
2026-11-22,NV,C,2,2,0
2026-11-22,NV,D,1,1,0
2026-11-22,NV,T,1,1,0
2026-11-22,NV,V,1,1,0
2026-11-23,KV,A,2,2,0
2026-11-23,KV,A1,3,3,0
2026-11-23,KV,B,4,5,0
2026-11-23,KV,B1,1,2,0
2026-11-23,KV,C,2,4,0
2026-11-23,KV,D,1,2,0
2026-11-23,KV,D1,1,1,0
2026-11-23,KV,Dg,1,2,0
2026-11-23,KV,H,1,2,0
2026-11-23,KV,T,2,3,0
2026-11-23,KV,V,1,1,0
2026-11-23,MV,A,2,5,0
2026-11-23,MV,A1,3,3,0
2026-11-23,MV,B,4,5,0
2026-11-23,MV,B1,1,3,0
2026-11-23,MV,C,2,3,0
2026-11-23,MV,D,1,1,0
2026-11-23,MV,D1,1,1,0
2026-11-23,MV,Dg,1,1,0
2026-11-23,MV,H,1,2,0
2026-11-23,MV,T,2,2,0
2026-11-23,MV,V,1,2,0
2026-11-23,NV,A,1,5,0
2026-11-23,NV,A1,3,3,0
2026-11-23,NV,B,3,6,0
2026-11-23,NV,C,2,2,0
2026-11-23,NV,D,1,1,0
2026-11-23,NV,T,1,1,0
2026-11-23,NV,V,1,1,0
2026-11-24,KV,A,2,5,0
2026-11-24,KV,A1,3,4,0
2026-11-24,KV,B,4,6,0
2026-11-24,KV,B1,1,4,0
2026-11-24,KV,C,2,4,0
2026-11-24,KV,D,1,2,0
2026-11-24,KV,D1,1,3,0
2026-11-24,KV,Dg,1,1,0
2026-11-24,KV,H,1,3,0
2026-11-24,KV,T,2,2,0
2026-11-24,KV,V,1,1,0
2026-11-24,MV,A,2,3,0
2026-11-24,MV,A1,3,5,0
2026-11-24,MV,B,4,5,0
2026-11-24,MV,B1,1,1,0
2026-11-24,MV,C,2,4,0
2026-11-24,MV,D,1,1,0
2026-11-24,MV,D1,1,1,0
2026-11-24,MV,Dg,1,1,0
2026-11-24,MV,H,1,1,0
2026-11-24,MV,T,2,2,0
2026-11-24,MV,V,1,1,0
2026-11-24,NV,A,1,2,0
2026-11-24,NV,A1,3,4,0
2026-11-24,NV,B,3,7,0
2026-11-24,NV,C,2,2,0
2026-11-24,NV,D,1,5,0
2026-11-24,NV,T,1,2,0
2026-11-24,NV,V,1,1,0
2026-11-25,KV,A,2,8,0
2026-11-25,KV,A1,3,3,0
2026-11-25,KV,B,4,6,0
2026-11-25,KV,B1,1,1,0
2026-11-25,KV,C,2,4,0
2026-11-25,KV,D,1,2,0
2026-11-25,KV,D1,1,2,0
2026-11-25,KV,Dg,1,1,0
2026-11-25,KV,H,1,2,0
2026-11-25,KV,T,2,3,0
2026-11-25,KV,V,1,2,0
2026-11-25,MV,A,2,3,0
2026-11-25,MV,A1,3,3,0
2026-11-25,MV,B,4,4,0
2026-11-25,MV,B1,1,1,0
2026-11-25,MV,C,2,3,0
2026-11-25,MV,D,1,2,0
2026-11-25,MV,D1,1,1,0
2026-11-25,MV,Dg,1,1,0
2026-11-25,MV,H,1,1,0
2026-11-25,MV,T,2,2,0
2026-11-25,MV,V,1,1,0
2026-11-25,NV,A,1,9,0
2026-11-25,NV,A1,3,4,0
2026-11-25,NV,B,3,4,0
2026-11-25,NV,C,2,4,0
2026-11-25,NV,D,1,4,0
2026-11-25,NV,T,1,2,0
2026-11-25,NV,V,1,1,0
2026-11-26,KV,A,2,2,0
2026-11-26,KV,A1,3,4,0
2026-11-26,KV,B,4,6,0
2026-11-26,KV,B1,1,3,0
2026-11-26,KV,C,2,5,0
2026-11-26,KV,D,1,1,0
2026-11-26,KV,D1,1,2,0
2026-11-26,KV,Dg,1,1,0
2026-11-26,KV,H,1,2,0
2026-11-26,KV,T,2,3,0
2026-11-26,KV,V,1,1,0
2026-11-26,MV,A,2,2,0
2026-11-26,MV,A1,3,4,0
2026-11-26,MV,B,4,4,0
2026-11-26,MV,B1,1,1,0
2026-11-26,MV,C,2,6,0
2026-11-26,MV,D,1,1,0
2026-11-26,MV,D1,1,1,0
2026-11-26,MV,Dg,1,1,0
2026-11-26,MV,H,1,1,0
2026-11-26,MV,T,2,2,0
2026-11-26,MV,V,1,1,0
2026-11-26,NV,A,1,6,0
2026-11-26,NV,A1,3,4,0
2026-11-26,NV,B,3,3,0
2026-11-26,NV,C,2,2,0
2026-11-26,NV,D,1,3,0
2026-11-26,NV,T,1,1,0
2026-11-26,NV,V,1,1,0
2026-11-27,KV,A,2,2,0
2026-11-27,KV,A1,3,3,0
2026-11-27,KV,B,4,4,0
2026-11-27,KV,B1,1,1,0
2026-11-27,KV,C,2,2,0
2026-11-27,KV,D,1,1,0
2026-11-27,KV,D1,1,1,0
2026-11-27,KV,Dg,1,1,0
2026-11-27,KV,H,1,1,0
2026-11-27,KV,T,2,2,0
2026-11-27,KV,V,1,1,0
2026-11-27,MV,A,2,4,0
2026-11-27,MV,A1,3,3,0
2026-11-27,MV,B,4,5,0
2026-11-27,MV,B1,1,1,0
2026-11-27,MV,C,2,3,0
2026-11-27,MV,D,1,1,0
2026-11-27,MV,D1,1,1,0
2026-11-27,MV,Dg,1,1,0
2026-11-27,MV,H,1,1,0
2026-11-27,MV,T,2,2,0
2026-11-27,MV,V,1,2,0
2026-11-27,NV,A,1,1,0
2026-11-27,NV,A1,3,3,0
2026-11-27,NV,B,3,3,0
2026-11-27,NV,C,2,2,0
2026-11-27,NV,D,1,1,0
2026-11-27,NV,T,1,1,0
2026-11-27,NV,V,1,1,0
2026-11-28,KV,A,2,2,0
2026-11-28,KV,A1,3,3,0
2026-11-28,KV,B,4,4,0
2026-11-28,KV,B1,1,1,0
2026-11-28,KV,C,2,2,0
2026-11-28,KV,D,1,1,0
2026-11-28,KV,D1,1,1,0
2026-11-28,KV,Dg,1,1,0
2026-11-28,KV,H,1,1,0
2026-11-28,KV,T,2,2,0
2026-11-28,KV,V,1,1,0
2026-11-28,MV,A,2,2,0
2026-11-28,MV,A1,3,3,0
2026-11-28,MV,B,4,4,0
2026-11-28,MV,B1,1,1,0
2026-11-28,MV,C,2,2,0
2026-11-28,MV,D,1,1,0
2026-11-28,MV,D1,1,1,0
2026-11-28,MV,Dg,1,1,0
2026-11-28,MV,H,1,1,0
2026-11-28,MV,T,2,2,0
2026-11-28,MV,V,1,1,0
2026-11-28,NV,A,1,1,0
2026-11-28,NV,A1,3,3,0
2026-11-28,NV,B,3,3,0
2026-11-28,NV,C,2,2,0
2026-11-28,NV,D,1,1,0
2026-11-28,NV,T,1,1,0
2026-11-28,NV,V,1,1,0
2026-11-29,KV,A,2,2,0
2026-11-29,KV,A1,3,3,0
2026-11-29,KV,B,4,4,0
2026-11-29,KV,B1,1,1,0
2026-11-29,KV,C,2,2,0
2026-11-29,KV,D,1,1,0
2026-11-29,KV,D1,1,1,0
2026-11-29,KV,Dg,1,1,0
2026-11-29,KV,H,1,1,0
2026-11-29,KV,T,2,2,0
2026-11-29,KV,V,1,1,0
2026-11-29,MV,A,2,2,0
2026-11-29,MV,A1,3,3,0
2026-11-29,MV,B,4,4,0
2026-11-29,MV,B1,1,1,0
2026-11-29,MV,C,2,2,0
2026-11-29,MV,D,1,1,0
2026-11-29,MV,D1,1,1,0
2026-11-29,MV,Dg,1,1,0
2026-11-29,MV,H,1,1,0
2026-11-29,MV,T,2,2,0
2026-11-29,MV,V,1,1,0
2026-11-29,NV,A,1,1,0
2026-11-29,NV,A1,3,3,0
2026-11-29,NV,B,3,3,0
2026-11-29,NV,C,2,2,0
2026-11-29,NV,D,1,1,0
2026-11-29,NV,T,1,1,0
2026-11-29,NV,V,1,1,0
2026-11-30,KV,A,2,2,0
2026-11-30,KV,A1,3,3,0
2026-11-30,KV,B,4,4,0
2026-11-30,KV,B1,1,1,0
2026-11-30,KV,C,2,4,0
2026-11-30,KV,D,1,4,0
2026-11-30,KV,D1,1,2,0
2026-11-30,KV,Dg,1,1,0
2026-11-30,KV,H,1,1,0
2026-11-30,KV,T,2,3,0
2026-11-30,KV,V,1,1,0
2026-11-30,MV,A,2,2,0
2026-11-30,MV,A1,3,3,0
2026-11-30,MV,B,4,4,0
2026-11-30,MV,B1,1,1,0
2026-11-30,MV,C,2,2,0
2026-11-30,MV,D,1,1,0
2026-11-30,MV,D1,1,1,0
2026-11-30,MV,Dg,1,1,0
2026-11-30,MV,H,1,1,0
2026-11-30,MV,T,2,2,0
2026-11-30,MV,V,1,1,0
2026-11-30,NV,A,1,12,0
2026-11-30,NV,A1,3,4,0
2026-11-30,NV,B,3,7,0
2026-11-30,NV,C,2,11,0
2026-11-30,NV,D,1,7,0
2026-11-30,NV,T,1,3,0
2026-11-30,NV,V,1,3,0
