nurse_id,target,assigned,deviation
h1,17.142857142857142,17,-0.14285714285714235
h2,12.857142857142856,13,0.14285714285714413
h3,21.428571428571427,20,-1.428571428571427
h6,14.999999999999998,15,1.7763568394002505e-15
h7,4.285714285714285,4,-0.2857142857142847
h8,8.571428571428571,9,0.4285714285714288
h9,19.285714285714285,19,-0.2857142857142847
h10,6.428571428571429,6,-0.4285714285714288
h11,18.21428571428571,18,-0.21428571428571175
h12,19.928571428571427,20,0.07142857142857295
h13,12.857142857142856,13,0.14285714285714413
h15,19.285714285714285,18,-1.2857142857142847
h16,12.857142857142858,13,0.14285714285714235
h18,21.428571428571427,20,-1.428571428571427
h19,17.142857142857142,17,-0.14285714285714235
h20,21.428571428571427,21,-0.42857142857142705
h22,6.428571428571428,6,-0.42857142857142794
h23,10.714285714285714,11,0.2857142857142865
h24,14.999999999999998,15,1.7763568394002505e-15
h25,19.285714285714285,19,-0.2857142857142847
h26,17.142857142857142,17,-0.14285714285714235
h27,17.142857142857142,17,-0.14285714285714235
h28,17.142857142857142,17,-0.14285714285714235
h29,5.357142857142857,5,-0.35714285714285676
h30,21.428571428571427,21,-0.42857142857142705
h31,21.428571428571427,21,-0.42857142857142705
h32,21.428571428571427,20,-1.428571428571427
h33,12.857142857142856,13,0.14285714285714413
h34,12.857142857142856,13,0.14285714285714413
h36,6.428571428571429,6,-0.4285714285714288
h37,17.142857142857142,17,-0.14285714285714235
h39,21.428571428571427,21,-0.42857142857142705
h41,13.928571428571429,14,0.07142857142857117
h44,17.142857142857142,17,-0.14285714285714235
h45,6.428571428571429,6,-0.4285714285714288
h47,12.857142857142856,13,0.14285714285714413
h48,14.999999999999998,15,1.7763568394002505e-15
h49,21.428571428571427,19,-2.428571428571427
h51,19.285714285714285,18,-1.2857142857142847
h52,17.142857142857142,17,-0.14285714285714235
h53,6.428571428571428,6,-0.42857142857142794
h54,6.428571428571428,6,-0.42857142857142794
h55,17.142857142857142,17,-0.14285714285714235
h56,21.428571428571427,20,-1.428571428571427
h57,4.285714285714286,4,-0.2857142857142856
h59,8.571428571428571,9,0.4285714285714288
h60,8.571428571428571,9,0.4285714285714288
h61,21.428571428571427,21,-0.42857142857142705
h62,12.857142857142856,13,0.14285714285714413
h63,21.428571428571427,18,-3.428571428571427
h64,21.428571428571427,20,-1.428571428571427
h65,10.714285714285714,11,0.2857142857142865
h67,19.285714285714285,19,-0.2857142857142847
h68,21.428571428571427,21,-0.42857142857142705
h69,10.714285714285714,11,0.2857142857142865
h70,21.428571428571427,21,-0.42857142857142705
h72,14.999999999999998,15,1.7763568394002505e-15
h73,19.285714285714285,19,-0.2857142857142847
h75,21.428571428571427,20,-1.428571428571427
h76,10.714285714285714,11,0.2857142857142865
h77,21.428571428571427,21,-0.42857142857142705
h78,21.428571428571427,20,-1.428571428571427
h79,21.428571428571427,21,-0.42857142857142705
h80,10.714285714285714,11,0.2857142857142865
h81,10.714285714285714,11,0.2857142857142865
h83,4.285714285714286,4,-0.2857142857142856
h84,17.142857142857142,17,-0.14285714285714235
h85,21.428571428571427,21,-0.42857142857142705
h86,4.285714285714286,4,-0.2857142857142856
h90,17.142857142857142,17,-0.14285714285714235
h93,21.428571428571427,21,-0.42857142857142705
h94,17.142857142857142,17,-0.14285714285714235
h95,10.714285714285714,11,0.2857142857142865
h96,10.714285714285714,11,0.2857142857142865
h97,10.714285714285714,11,0.2857142857142865
h98,10.714285714285714,11,0.2857142857142865
h99,14.999999999999998,16,1.0000000000000018
h101,10.714285714285714,11,0.2857142857142865
h102,6.428571428571429,6,-0.4285714285714288
h103,10.714285714285714,11,0.2857142857142865
h104,4.285714285714286,4,-0.2857142857142856
h105,12.857142857142856,13,0.14285714285714413
h106,10.714285714285714,11,0.2857142857142865
h107,21.428571428571427,21,-0.42857142857142705
h108,17.142857142857142,17,-0.14285714285714235
h109,17.142857142857142,17,-0.14285714285714235
h110,17.142857142857142,17,-0.14285714285714235
h111,6.428571428571428,6,-0.42857142857142794
h112,21.428571428571427,20,-1.428571428571427
h113,21.428571428571427,19,-2.428571428571427
h114,14.999999999999998,15,1.7763568394002505e-15
h117,17.142857142857142,17,-0.14285714285714235
h118,17.142857142857142,17,-0.14285714285714235
h120,17.142857142857142,17,-0.14285714285714235
h121,21.428571428571427,21,-0.42857142857142705
h122,10.714285714285714,11,0.2857142857142865
h123,21.428571428571427,20,-1.428571428571427
h125,4.285714285714286,4,-0.2857142857142856
h126,14.999999999999998,15,1.7763568394002505e-15
h127,21.428571428571427,20,-1.428571428571427
h128,12.857142857142856,13,0.14285714285714413
h129,6.428571428571428,6,-0.42857142857142794
h130,17.142857142857142,17,-0.14285714285714235
h131,6.428571428571428,6,-0.42857142857142794
h132,21.428571428571427,21,-0.42857142857142705
h133,17.142857142857142,17,-0.14285714285714235
h136,21.428571428571427,21,-0.42857142857142705
h138,21.428571428571427,21,-0.42857142857142705
h140,21.428571428571427,19,-2.428571428571427
h141,17.142857142857142,17,-0.14285714285714235
h142,10.714285714285712,11,0.28571428571428825
h143,17.142857142857142,17,-0.14285714285714235
h144,21.428571428571427,21,-0.42857142857142705
h146,10.714285714285714,11,0.2857142857142865
h148,21.428571428571427,21,-0.42857142857142705
h150,21.428571428571427,19,-2.428571428571427
h151,21.428571428571427,21,-0.42857142857142705
h152,10.714285714285714,11,0.2857142857142865
h153,10.714285714285714,11,0.2857142857142865
h154,12.857142857142856,13,0.14285714285714413
h155,8.571428571428571,9,0.4285714285714288
h156,21.428571428571427,21,-0.42857142857142705
h157,21.428571428571427,20,-1.428571428571427
h158,17.142857142857142,17,-0.14285714285714235
h159,6.428571428571428,6,-0.42857142857142794
h160,21.428571428571427,21,-0.42857142857142705
h162,17.142857142857142,17,-0.14285714285714235
h163,14.999999999999998,15,1.7763568394002505e-15
h164,21.428571428571427,19,-2.428571428571427
h165,21.428571428571427,21,-0.42857142857142705
h167,21.428571428571427,21,-0.42857142857142705
h168,10.714285714285714,11,0.2857142857142865
h169,21.428571428571427,19,-2.428571428571427
h170,21.428571428571427,21,-0.42857142857142705
